Code departement,Code postal,Commune
74,1200,ELOISE
27,27000,EVREUX
27,27100,VAL DE REUIL
27,27100,LE VAUDREUIL
27,27110,LE NEUBOURG
27,27110,CRIQUEBEUF LA CAMPAGNE
27,27110,QUITTEBEUF
27,27110,SAINTE-COLOMBE-LA-COMMANDERIE
27,27110,GRAVERON-SEMERVILLE
27,27110,DAUBEUF LA CAMPAGNE
27,27110,CRESTOT
27,27110,VENON
27,27110,VILLEZ S NEUBOURG
27,27110,ST AUBIN D ECROSVILLE
27,27110,EPREVILLE PRES NEUBOURG
27,27110,IVILLE
27,27110,VITOT
27,27110,EPEGARD
27,27110,LE TREMBLAY OMONVILLE
27,27110,MARBEUF
27,27110,BERENGEVILLE-LA-CAMPAGNE
27,27110,ECQUETOT
27,27110,FEUGUEROLLES
27,27110,STE OPPORTUNE DU BOSC
27,27110,LE TILLEUL LAMBERT
27,27110,CESSEVILLE
27,27110,CROSVILLE LA VIEILLE
27,27110,HECTOMARE
27,27110,ROUGE PERRIERS
27,27110,LE TRONCQ
27,27110,ECAUVILLE
27,27120,CAILLOUET ORGEVILLE
27,27120,LE VAL DAVID
27,27120,PACY-SUR-EURE
27,27120,LE CORMIER
27,27120,LE PLESSIS HEBERT
27,27120,MENILLES
27,27120,HOULBEC COCHEREL
27,27120,HECOURT
27,27120,VILLEGATS
27,27120,CROISY SUR EURE
27,27120,FAINS
27,27120,VAUX SUR EURE
27,27120,FONTAINE SOUS JOUY
27,27120,DOUAINS
27,27120,CHAMBRAY
27,27120,JOUY SUR EURE
27,27120,BOISSET LES PREVANCHES
27,27120,GADENCOURT
27,27120,AIGLEVILLE
27,27120,HARDENCOURT COCHEREL
27,27120,ROUVRAY
27,27120,CHAIGNES
27,27120,BONCOURT
27,27130,VERNEUIL D'AVRE ET D'ITON
27,27130,ST VICTOR SUR AVRE
27,27130,PISEUX
27,27130,PULLAY
27,27130,MANDRES
27,27130,BALINES
27,27130,LES BARILS
27,27130,COURTEILLES
27,27140,GISORS
27,27140,BAZINCOURT-SUR-EPTE
27,27140,SAINT-DENIS-LE-FERMENT
27,27140,AMECOURT
27,27150,ETREPAGNY
27,27150,NOJEON-EN-VEXIN
27,27150,SAUSSAY LA CAMPAGNE
27,27150,LONGCHAMPS
27,27150,MAINNEVILLE
27,27150,HACQUEVILLE
27,27150,LA NEUVE GRANGE
27,27150,STE-MARIE-DE-VATIMESNIL
27,27150,MARTAGNY
27,27150,GAMACHES-EN-VEXIN
27,27150,FRENELLES-EN-VEXIN
27,27150,COUDRAY
27,27150,PUCHAY
27,27150,CHAUVINCOURT-PROVEMONT
27,27150,MORGNY
27,27150,LE THIL EN VEXIN
27,27150,HEBECOURT
27,27150,DOUDEAUVILLE-EN-VEXIN
27,27150,SANCOURT
27,27150,FARCEAUX
27,27150,MESNIL-SOUS-VIENNE
27,27150,BOUCHEVILLIERS
27,27160,BRETEUIL
27,27160,VERNEUIL D'AVRE ET D'ITON
27,27160,LE LESME
27,27160,MESNILS-SUR-ITON
27,27160,LES BAUX DE BRETEUIL
27,27160,SAINTE-MARIE-D'ATTEZ
27,27160,MARBOIS
27,27160,BEMECOURT
27,27170,BEAUMONTEL
27,27170,GOUPIL-OTHON
27,27170,BRAY
27,27170,COMBON
27,27170,TILLEUL DAME AGNES
27,27170,LE PLESSIS STE OPPORTUNE
27,27170,BEAUMONT LE ROGER
27,27170,GROSLEY SUR RISLE
27,27170,BARC
27,27170,BARQUET
27,27170,NASSANDRES SUR RISLE
27,27170,ROMILLY LA PUTHENAYE
27,27170,ECARDENVILLE LA CAMPAGNE
27,27170,BERVILLE LA CAMPAGNE
27,27180,ST SEBASTIEN DE MORSENT
27,27180,LES BAUX STE CROIX
27,27180,ARNIERES SUR ITON
27,27180,LE PLESSIS GROHAN
27,27180,LES VENTES
27,27180,CLAVILLE
27,27180,AULNAY SUR ITON
27,27180,PARVILLE
27,27180,CAUGE
27,27180,TOURNEDOS-BOIS-HUBERT
27,27180,BERNIENVILLE
27,27190,LA BONNEVILLE SUR ITON
27,27190,LE FIDELAIRE
27,27190,GAUDREVILLE LA RIVIERE
27,27190,LOUVERSEY
27,27190,EMANVILLE
27,27190,FERRIERES HAUT CLOCHER
27,27190,CONCHES EN OUCHE
27,27190,LE VAL-DORE
27,27190,SEBECOURT
27,27190,BUREY
27,27190,BEAUBRAY
27,27190,GLISOLLES
27,27190,ORMES
27,27190,STE MARTHE
27,27190,NOGENT LE SEC
27,27190,FAVEROLLES LA CAMPAGNE
27,27190,PORTES
27,27190,LA CROISILLE
27,27190,NAGEL-SEEZ-MESNIL
27,27190,ST ELIER
27,27190,COLLANDRES QUINCARNON
27,27200,VERNON
27,27210,FORT-MOVILLE
27,27210,BEUZEVILLE
27,27210,BOULLEVILLE
27,27210,CONTEVILLE
27,27210,MANNEVILLE-LA-RAOULT
27,27210,LE TORPT
27,27210,SAINT-MACLOU
27,27210,ST-PIERRE-DU-VAL
27,27210,BERVILLE-SUR-MER
27,27210,FATOUVILLE-GRESTAIN
27,27210,LA LANDE SAINT LEGER
27,27210,FIQUEFLEUR-EQUAINVILLE
27,27210,FOULBEC
27,27210,VANNECROCQ
27,27210,MARTAINVILLE
27,27210,ST SULPICE DE GRIMBOUVILLE
27,27220,PREY
27,27220,LA FORET DU PARC
27,27220,ST ANDRE DE L EURE
27,27220,MOUSSEAUX NEUVILLE
27,27220,LES AUTHIEUX
27,27220,COUDRES
27,27220,GROSSOEUVRE
27,27220,FOUCRAINVILLE
27,27220,CHAVIGNY BAILLEUL
27,27220,MOUETTES
27,27220,LIGNEROLLES
27,27220,LA BARONNIE
27,27220,L HABIT
27,27220,BRETAGNOLLES
27,27220,BOIS LE ROI
27,27220,CHAMPIGNY LA FUTELAYE
27,27220,LA BOISSIERE
27,27220,JUMELLES
27,27220,SEREZ
27,27220,ST LAURENT DES BOIS
27,27220,ST GERMAIN DE FRESNEY
27,27220,FRESNEY
27,27230,ST GERMAIN LA CAMPAGNE
27,27230,LE THEIL NOLENT
27,27230,ST VINCENT DU BOULAY
27,27230,DRUCOURT
27,27230,FONTAINE LA LOUVET
27,27230,ST MARDS DE FRESNE
27,27230,ST AUBIN DE SCELLON
27,27230,BOURNAINVILLE-FAVEROLLES
27,27230,HEUDREVILLE EN LIEUVIN
27,27230,THIBERVILLE
27,27230,PIENCOURT
27,27230,FOLLEVILLE
27,27230,BAZOQUES
27,27230,LE FAVRIL
27,27230,LE PLANQUAY
27,27230,DURANVILLE
27,27230,LA CHAPELLE HARENG
27,27230,LES PLACES
27,27240,MESNILS-SUR-ITON
27,27240,CHAMBOIS
27,27240,SYLVAINS-LES-MOULINS
27,27240,MARBOIS
27,27250,CHERONVILLIERS
27,27250,LES BOTTEREAUX
27,27250,RUGLES
27,27250,AMBENAY
27,27250,BOIS ARNAULT
27,27250,JUIGNETTES
27,27250,CHAMBORD
27,27250,NEAUFLES-AUVERGNY
27,27250,ST ANTONIN DE SOMMAIRE
27,27260,EPAIGNES
27,27260,FRESNE-CAUVERVILLE
27,27260,ST-PIERRE-DE-CORMEILLES
27,27260,CORMEILLES
27,27260,ASNIERES
27,27260,ST-SYLVESTRE-DE-CORMEILLES
27,27260,MORAINVILLE-JOUVEAUX
27,27260,BAILLEUL-LA-VALLEE
27,27260,LE BOIS HELLAIN
27,27260,LA CHAPELLE-BAYVEL
27,27270,ST JEAN DU THENNEY
27,27270,BROGLIE
27,27270,CHAMBLAC
27,27270,GRANDCAMP
27,27270,LA TRINITE DE REVILLE
27,27270,MESNIL-EN-OUCHE
27,27270,CAPELLE LES GRANDS
27,27270,FERRIERES ST HILAIRE
27,27270,TREIS-SANTS-EN-OUCHE
27,27270,ST AUBIN DU THENNEY
27,27270,LA CHAPELLE GAUTHIER
27,27290,THIERVILLE
27,27290,ILLEVILLE-SUR-MONTFORT
27,27290,APPEVILLE ANNEBAULT
27,27290,PONT-AUTHOU
27,27290,GLOS-SUR-RISLE
27,27290,AUTHOU
27,27290,CONDE-SUR-RISLE
27,27290,MONTFORT-SUR-RISLE
27,27290,ECAQUELON
27,27290,ST-PHILBERT-SUR-RISLE
27,27290,FRENEUSE-SUR-RISLE
27,27290,BONNEVILLE-APTOT
27,27290,THENOUVILLE
27,27300,PLASNES
27,27300,BERNAY
27,27300,MENNEVAL
27,27300,CAORCHES SAINT NICOLAS
27,27300,ST LEGER DE ROTES
27,27300,PLAINVILLE
27,27300,VALAILLES
27,27300,COURBEPINE
27,27300,ST VICTOR DE CHRETIENVILLE
27,27300,MALOUY
27,27300,TREIS-SANTS-EN-OUCHE
27,27300,ST MARTIN DU TILLEUL
27,27300,CORNEVILLE LA FOUQUETIERE
27,27300,NASSANDRES SUR RISLE
27,27300,BOISSY LAMBERVILLE
27,27310,ST-OUEN-DE-THOUBERVILLE
27,27310,CAUMONT
27,27310,BOSGOUET
27,27310,HONGUEMARE-GUENOUVILLE
27,27310,BARNEVILLE-SUR-SEINE
27,27310,LA TRINITE DE THOUBERVILLE
27,27310,FLANCOURT-CRESCY-EN-ROUMOIS
27,27310,BOUQUETOT
27,27310,BOURG-ACHARD
27,27320,NONANCOURT
27,27320,LA MADELEINE DE NONANCOURT
27,27320,DROISY
27,27320,MARCILLY LA CAMPAGNE
27,27320,COURDEMANCHE
27,27320,ST GERMAIN S AVRE
27,27320,MOISVILLE
27,27330,MESNIL-EN-OUCHE
27,27330,LA NEUVE LYRE
27,27330,LA HAYE ST SYLVESTRE
27,27330,BOIS NORMAND PRES LYRE
27,27330,LA VIEILLE LYRE
27,27330,BOIS ANZERAY
27,27340,PONT DE L ARCHE
27,27340,LES DAMPS
27,27340,TERRES DE BORD
27,27340,CRIQUEBEUF-SUR-SEINE
27,27340,MARTOT
27,27350,CAUVERVILLE-EN-ROUMOIS
27,27350,ROUTOT
27,27350,HAUVILLE
27,27350,LE LANDIN
27,27350,VALLETOT
27,27350,LA-HAYE-DE-ROUTOT
27,27350,ETURQUERAYE
27,27350,ETREVILLE
27,27350,BRESTOT
27,27350,ROUGEMONTIERS
27,27350,LA-HAYE-AUBREE
27,27360,PONT ST PIERRE
27,27370,LE BOSC DU THEIL
27,27370,ST-CYR-LA-CAMPAGNE
27,27370,LE THUIT DE L'OISON
27,27370,ST-PIERRE DU BOSGUERARD
27,27370,AMFREVILLE-SAINT-AMAND
27,27370,FOUQUEVILLE
27,27370,TOURVILLE-LA-CAMPAGNE
27,27370,VRAIVILLE
27,27370,LA SAUSSAYE
27,27370,ST-PIERRE-DES-FLEURS
27,27370,MANDEVILLE
27,27370,ST-DIDIER-DES-BOIS
27,27370,ST-GERMAIN-DE-PASQUIER
27,27370,LA PYLE
27,27370,LA HAYE-DU-THEIL
27,27370,ST-MESLIN-DU-BOSC
27,27370,LES MONTS DU ROUMOIS
27,27370,LA HARENGERE
27,27370,ST OUEN DE PONTCHEUIL
27,27370,LE BEC THOMAS
27,27380,FLEURY SUR ANDELLE
27,27380,CHARLEVAL
27,27380,DOUVILLE SUR ANDELLE
27,27380,VAL D'ORGER
27,27380,AMFREVILLE SOUS LES MONTS
27,27380,VANDRIMARE
27,27380,RADEPONT
27,27380,BOURG BEAUDOUIN
27,27380,AMFREVILLE LES CHAMPS
27,27380,FLIPOU
27,27390,NOTRE DAME DU HAMEL
27,27390,MONTREUIL-L'ARGILLE
27,27390,ST AGNAN DE CERNIERES
27,27390,LA GOULAFRIERE
27,27390,MELICOURT
27,27390,MESNIL ROUSSET
27,27390,ST PIERRE DE CERNIERES
27,27390,VERNEUSSES
27,27390,ST DENIS D AUGERONS
27,27400,LOUVIERS
27,27400,HEUDREVILLE SUR EURE
27,27400,HEUDEBOUVILLE
27,27400,SURVILLE
27,27400,INCARVILLE
27,27400,CANAPPEVILLE
27,27400,LA HAYE-MALHERBE
27,27400,SURTAUVILLE
27,27400,ACQUIGNY
27,27400,TERRES DE BORD
27,27400,HONDOUVILLE
27,27400,PINTERVILLE
27,27400,AMFREVILLE-SUR-ITON
27,27400,QUATREMARE
27,27400,LA VACHERIE
27,27400,LA HAYE-LE-COMTE
27,27400,VIRONVAY
27,27400,CRASVILLE
27,27400,LE MESNIL-JOURDAIN
27,27410,MESNIL-EN-OUCHE
27,27410,LE NOYER EN OUCHE
27,27410,LA HOUSSAYE
27,27420,VILLERS EN VEXIN
27,27420,CHATEAU SUR EPTE
27,27420,AUTHEVERNES
27,27420,VEXIN-SUR-EPTE
27,27420,MOUFLAINES
27,27420,LES THILLIERS-EN-VEXIN
27,27420,RICHEVILLE
27,27420,SUZAY
27,27430,ANDE
27,27430,ST-PIERRE DU VAUVRAY
27,27430,MUIDS
27,27430,ST-ETIENNE DU VAUVRAY
27,27430,DAUBEUF PRES VATTEVILLE
27,27430,CONNELLES
27,27430,VATTEVILLE
27,27430,PORTE-DE-SEINE
27,27430,HERQUEVILLE
27,27440,BACQUEVILLE
27,27440,ECOUIS
27,27440,TOUFFREVILLE
27,27440,LISORS
27,27440,VAL D'ORGER
27,27440,HOUVILLE EN VEXIN
27,27440,MESNIL VERCLIVES
27,27450,ST-MARTIN-ST-FIRMIN
27,27450,ST-PIERRE-DES-IFS
27,27450,ST-CHRISTOPHE-SUR-CONDE
27,27450,ST ETIENNE L ALLIER
27,27450,ST-GEORGES-DU-VIEVRE
27,27450,SAINT-BENOIST-DES-OMBRES
27,27450,ST-GREGOIRE-DU-VIEVRE
27,27460,ALIZAY
27,27460,LE MANOIR SUR SEINE
27,27460,IGOVILLE
27,27470,SERQUIGNY
27,27470,LAUNAY
27,27470,FONTAINE L ABBE
27,27480,LYONS LA FORET
27,27480,LE TRONQUAY
27,27480,LORLEAU
27,27480,BOSQUENTIN
27,27480,BEAUFICEL-EN-LYONS
27,27480,BEZU LA FORET
27,27480,LILLY
27,27480,FLEURY LA FORET
27,27490,CLEF VALLEE D'EURE
27,27490,AUTHEUIL-AUTHOUILLET
27,27490,CAILLY S EURE
27,27500,PONT-AUDEMER
27,27500,AIZIER
27,27500,SELLES
27,27500,ST-MARDS-DE-BLACARVILLE
27,27500,TOUTAINVILLE
27,27500,BOURNEVILLE-SAINTE-CROIX
27,27500,TOURVILLE-SUR-PONT-AUDEMER
27,27500,ST-SYMPHORIEN
27,27500,BOUQUELON
27,27500,LE PERREY
27,27500,CAMPIGNY
27,27500,CORNEVILLE SUR RISLE
27,27500,MANNEVILLE-SUR-RISLE
27,27500,TRIQUEVILLE
27,27500,LES PREAUX
27,27500,TOCQUEVILLE
27,27510,MEZIERES EN VEXIN
27,27510,VEXIN-SUR-EPTE
27,27510,TILLY
27,27510,PRESSAGNY L ORGUEILLEUX
27,27520,BOISSEY-LE-CHATEL
27,27520,GRAND BOURGTHEROULDE
27,27520,LES MONTS DU ROUMOIS
27,27520,SAINT-DENIS-DES-MONTS
27,27520,ST-LEGER-DU-GENNETEY
27,27520,THENOUVILLE
27,27520,VOISCREVILLE
27,27520,ST ELOI DE FOURQUES
27,27530,EZY SUR EURE
27,27530,CROTH
27,27540,IVRY LA BATAILLE
27,27550,NASSANDRES SUR RISLE
27,27560,ST-SIMEON
27,27560,LIEUREY
27,27560,LE MESNIL-SAINT-JEAN
27,27560,GIVERVILLE
27,27560,LA NOE-POULAIN
27,27560,EPREVILLE-EN-LIEUVIN
27,27560,LA POTERIE-MATHIEU
27,27570,TILLIERES SUR AVRE
27,27570,BREUX SUR AVRE
27,27570,ACON
27,27570,L HOSMES
27,27580,BOURTH
27,27580,CHAISE-DIEU-DU-THEIL
27,27580,GOURNAY LE GUERIN
27,27590,PITRES
27,27600,GAILLON
27,27600,ST-AUBIN-SUR-GAILLON
27,27600,CHAMPENARD
27,27600,AILLY
27,27600,ST-PIERRE-LA-GARENNE
27,27600,FONTAINE-BELLENGER
27,27600,LE VAL D'HAZEY
27,27600,ST-JULIEN-DE-LA-LIEGUE
27,27610,ROMILLY SUR ANDELLE
27,27620,GASNY
27,27620,BOIS JEROME ST OUEN
27,27620,STE GENEVIEVE LES GASNY
27,27620,GIVERNY
27,27630,VEXIN-SUR-EPTE
27,27630,HEUBECOURT-HARICOURT
27,27640,MEREY
27,27640,VILLIERS EN DESOEUVRE
27,27640,BREUILPONT
27,27650,MUZY
27,27650,MESNIL SUR L ESTREE
27,27650,LOUYE
27,27660,BEZU ST-ELOI
27,27660,BERNOUVILLE
27,27670,BOSROUMOIS
27,27670,ST-OUEN-DU-TILLEUL
27,27680,STE-OPPORTUNE-LA-MARE
27,27680,QUILLEBEUF-SUR-SEINE
27,27680,SAINT-AUBIN-SUR-QUILLEBEUF
27,27680,LE-MARAIS-VERNIER
27,27680,TROUVILLE-LA-HAULE
27,27680,ST-SAMSON-DE-LA-ROQUE
27,27680,LE PERREY
27,27690,LERY
27,27700,HARQUENCY
27,27700,LES ANDELYS
27,27700,BOUAFLES
27,27700,LE THUIT
27,27700,LA ROQUETTE
27,27700,GUISENIERS
27,27700,LES TROIS LACS
27,27700,HENNEZIS
27,27700,VEZILLON
27,27700,FRENELLES-EN-VEXIN
27,27700,CUVERVILLE
27,27700,HEUQUEVILLE
27,27710,ST GEORGES MOTEL
27,27720,DANGU
27,27720,NOYERS
27,27720,GUERNY
27,27730,BUEIL
27,27730,EPIEDS
27,27730,NEUILLY
27,27740,POSES
27,27750,LA COUTURE BOUSSEY
27,27760,LA FERRIERE SUR RISLE
27,27770,ILLIERS L EVEQUE
27,27780,GARENNES-SUR-EURE
27,27790,ROSAY SUR LIEURE
27,27800,HARCOURT
27,27800,THIBOUVILLE
27,27800,BERTHOUVILLE
27,27800,ST PIERRE DE SALERNE
27,27800,BRIONNE
27,27800,MALLEVILLE SUR LE BEC
27,27800,CALLEVILLE
27,27800,BOSROBERT
27,27800,ST VICTOR D EPINE
27,27800,LIVET SUR AUTHOU
27,27800,NEUVILLE SUR AUTHOU
27,27800,LE BEC HELLOUIN
27,27800,ST PAUL DE FOURQUES
27,27800,HECMANVILLE
27,27800,BOISNEY
27,27800,ST CYR DE SALERNE
27,27800,MORSAN
27,27800,NOTRE DAME D EPINE
27,27800,FRANQUEVILLE
27,27800,ACLOU
27,27800,ST ELOI DE FOURQUES
27,27800,LA HAYE DE CALLEVILLE
27,27810,MARCILLY SUR EURE
27,27820,ARMENTIERES SUR AVRE
27,27820,CHENNEBRUN
27,27820,ST CHRISTOPHE SUR AVRE
27,27830,NEAUFLES ST-MARTIN
27,27850,MENESQUEVILLE
27,27860,HEUDICOURT
27,27870,VESLY
27,27890,LA NEUVILLE DU BOSC
27,27910,RENNEVILLE
27,27910,PERRUEL
27,27910,LES HOGUES
27,27910,VASCOEUIL
27,27910,PERRIERS SUR ANDELLE
27,27910,LETTEGUIVES
27,27920,ST-ETIENNE-SOUS-BAILLEUL
27,27920,ST-PIERRE-DE-BAILLEUL
27,27930,GUICHAINVILLE
27,27930,SACQUENVILLE
27,27930,EMALLEVILLE
27,27930,ANGERVILLE LA CAMPAGNE
27,27930,GRAVIGNY
27,27930,GAUCIEL
27,27930,LE BOULAY MORIN
27,27930,MISEREY
27,27930,GAUVILLE LA CAMPAGNE
27,27930,NORMANVILLE
27,27930,BROSVILLE
27,27930,SASSEY
27,27930,LE MESNIL FUGUET
27,27930,CIERREY
27,27930,HUEST
27,27930,LA CHAPELLE DU BOIS DES FAULX
27,27930,FAUVILLE
27,27930,REUILLY
27,27930,DARDEZ
27,27930,TOURNEVILLE
27,27930,LE VIEIL EVREUX
27,27930,ST GERMAIN DES ANGLES
27,27930,IRREVILLE
27,27930,ST-MARTIN LA CAMPAGNE
27,27930,AVIRON
27,27930,LA TRINITE
27,27930,BACQUEPUIS
27,27930,ST LUC
27,27930,ST VIGOR
27,27940,COURCELLES SUR SEINE
27,27940,LES TROIS LACS
27,27940,NOTRE DAME DE L ISLE
27,27940,PORT MORT
27,27940,VILLERS-SUR-LE ROULE
27,27940,LE VAL D'HAZEY
27,27950,LA CHAPELLE-LONGUEVILLE
27,27950,ST MARCEL
27,27950,VILLEZ SOUS BAILLEUL
27,27950,LA HEUNIERE
27,27950,ST VINCENT DES BOIS
27,27950,MERCEY
27,27950,STE COLOMBE PRES VERNON
28,28000,CHARTRES
28,28100,DREUX
28,28110,LUCE
28,28120,BLANDAINVILLE
28,28120,CHARONVILLE
28,28120,CHAUFFOURS
28,28120,ILLIERS-COMBRAY
28,28120,MAGNY
28,28120,MONTIGNY LE CHARTIF
28,28120,BAILLEAU LE PIN
28,28120,EPEAUTROLLES
28,28120,NOGENT SUR EURE
28,28120,SANDARVILLE
28,28120,VIEUVICQ
28,28120,NONVILLIERS GRANDHOUX
28,28120,MARCHEVILLE
28,28120,CERNAY
28,28120,ST AVIT LES GUESPIERES
28,28120,ERMENONVILLE LA PETITE
28,28120,OLLE
28,28120,ST EMAN
28,28120,LES CHATELLIERS N. DAME
28,28120,MESLAY LE GRENET
28,28120,MEREGLISE
28,28120,ERMENONVILLE LA GRANDE
28,28130,ST MARTIN DE NIGELLES
28,28130,ST PIAT
28,28130,MAINTENON
28,28130,HANCHES
28,28130,CHARTAINVILLIERS
28,28130,MEVOISINS
28,28130,PIERRES
28,28130,BOUGLAINVAL
28,28130,VILLIERS LE MORHIER
28,28130,HOUX
28,28130,SOULAIRES
28,28130,YERMENONVILLE
28,28140,CORMAINVILLE
28,28140,ORGERES EN BEAUCE
28,28140,EOLE-EN-BEAUCE
28,28140,DAMBRON
28,28140,TILLAY LE PENEUX
28,28140,POUPRY
28,28140,TERMINIERS
28,28140,PERONVILLE
28,28140,BAZOCHES LES HAUTES
28,28140,BAZOCHES EN DUNOIS
28,28140,BAIGNEAUX
28,28140,GUILLONVILLE
28,28140,NOTTONVILLE
28,28140,FONTENAY SUR CONIE
28,28140,LOIGNY LA BATAILLE
28,28140,COURBEHAYE
28,28140,LUMEAU
28,28140,VARIZE
28,28150,BONCE
28,28150,LES VILLAGES VOVEENS
28,28150,EOLE-EN-BEAUCE
28,28150,PRASVILLE
28,28150,YMONVILLE
28,28150,LOUVILLE LA CHENARD
28,28150,BOISVILLE LA ST PERE
28,28150,BEAUVILLIERS
28,28150,OUARVILLE
28,28150,THEUVILLE
28,28150,MOUTIERS
28,28150,RECLAINVILLE
28,28150,ALLONNES
28,28150,VILLARS
28,28160,UNVERRE
28,28160,BROU
28,28160,FRAZE
28,28160,DANGEAU
28,28160,YEVRES
28,28160,DAMPIERRE SOUS BROU
28,28160,MOTTEREAU
28,28160,MOULHARD
28,28160,GOHORY
28,28170,CHATEAUNEUF EN THYMERAIS
28,28170,MAILLEBOIS
28,28170,THIMERT-GATELLES
28,28170,TREMBLAY-LES-VILLAGES
28,28170,FAVIERES
28,28170,LE BOULLAY LES 2 EGLISES
28,28170,ST ANGE ET TORCAY
28,28170,SAINT-SAUVEUR-MARVILLE
28,28170,SERAZEREUX
28,28170,SAINT-MAIXME-HAUTERIVE
28,28170,FONTAINE LES RIBOUTS
28,28170,ARDELLES
28,28170,ST JEAN DE REBERVILLIERS
28,28170,PUISEUX
28,28190,COURVILLE SUR EURE
28,28190,LANDELLES
28,28190,CHUISNES
28,28190,MITTAINVILLIERS-VERIGNY
28,28190,ST GEORGES SUR EURE
28,28190,FONTAINE LA GUYON
28,28190,PONTGOUIN
28,28190,DANGERS
28,28190,ORROUER
28,28190,ST LUPERCE
28,28190,ST ARNOULT DES BOIS
28,28190,FRUNCE
28,28190,BILLANCELLES
28,28190,ST GERMAIN LE GAILLARD
28,28190,LE FAVRIL
28,28190,VILLEBON
28,28200,ST CHRISTOPHE
28,28200,CHATEAUDUN
28,28200,ST DENIS-LANNERAY
28,28200,THIVILLE
28,28200,VILLEMAURY
28,28200,LA CHAPELLE DU NOYER
28,28200,MARBOUE
28,28200,MOLEANS
28,28200,DONNEMAIN ST MAMES
28,28200,LOGRON
28,28200,JALLANS
28,28200,CONIE MOLITARD
28,28200,VILLAMPUY
28,28210,NOGENT-LE-ROI
28,28210,NERON
28,28210,ST LUCIEN
28,28210,BRECHAMPS
28,28210,VILLEMEUX SUR EURE
28,28210,CROISILLES
28,28210,FAVEROLLES
28,28210,COULOMBS
28,28210,CHAUDON
28,28210,LE BOULLAY THIERRY
28,28210,LE BOULLAY MIVOYE
28,28210,SENANTES
28,28210,LORMAYE
28,28210,ST LAURENT LA GATINE
28,28210,ORMOY
28,28210,LES PINTHIERES
28,28220,CLOYES-LES-TROIS-RIVIERES
28,28220,VALD'YERRE
28,28230,EPERNON
28,28230,DROUE SUR DROUETTE
28,28240,FONTAINE SIMON
28,28240,LA LOUPE
28,28240,LE THIEULIN
28,28240,MEAUCE
28,28240,ST VICTOR DE BUTHON
28,28240,CHAMPROND EN GATINE
28,28240,MONTLANDON
28,28240,ST ELIPH
28,28240,ST MAURICE ST GERMAIN
28,28240,FRIAIZE
28,28240,MONTIREAU
28,28240,BELHOMERT GUEHOUVILLE
28,28240,MANOU
28,28240,VAUPILLON
28,28240,LES CORVEES LES YYS
28,28240,SAINT DENIS DES PUITS
28,28250,DIGNY
28,28250,SENONCHES
28,28250,LE MESNIL THOMAS
28,28250,LA PUISAYE
28,28250,LOUVILLIERS LES PERCHE
28,28250,JAUDRAIS
28,28250,FRAMBOISIERE
28,28260,LA CHAUSSEE D IVRY
28,28260,SOREL MOUSSEL
28,28260,GILLES
28,28260,ANET
28,28260,GUAINVILLE
28,28260,ST OUEN MARCHEFROY
28,28260,ROUVRES
28,28260,LE MESNIL SIMON
28,28260,SAUSSAY
28,28260,BERCHERES SUR VESGRE
28,28260,BONCOURT
28,28260,OULINS
28,28270,BREZOLLES
28,28270,BEAUCHE
28,28270,CHATAINCOURT
28,28270,LAONS
28,28270,CRUCEY-VILLAGES
28,28270,ESCORPAIN
28,28270,FESSANVILLIERS MATTANVILL.
28,28270,BEROU LA MULOTIERE
28,28270,RUEIL LA GADELIERE
28,28270,MONTIGNY SUR AVRE
28,28270,LES CHATELETS
28,28270,REVERCOURT
28,28270,PRUDEMANCHE
28,28270,LA MANCELIERE
28,28270,ST LUBIN DE CRAVANT
28,28290,COMMUNE NOUVELLE D'ARROU
28,28290,CHAPELLE ROYALE
28,28290,VALD'YERRE
28,28300,MAINVILLIERS
28,28300,LEVES
28,28300,ST AUBIN DES BOIS
28,28300,JOUY
28,28300,CHAMPHOL
28,28300,ST PREST
28,28300,GASVILLE OISEME
28,28300,BERCHERES-SAINT-GERMAIN
28,28300,CLEVILLIERS
28,28300,AMILLY
28,28300,BAILLEAU L EVEQUE
28,28300,CINTRAY
28,28300,POISVILLIERS
28,28300,COLTAINVILLE
28,28300,BRICONVILLE
28,28300,FRESNAY LE GILMERT
28,28300,CHALLET
28,28310,ROUVRAY ST DENIS
28,28310,TOURY
28,28310,JANVILLE-EN-BEAUCE
28,28310,FRESNAY L EVEQUE
28,28310,SANTILLY
28,28310,GOMMERVILLE
28,28310,LEVESVILLE LA CHENARD
28,28310,TRANCRAINVILLE
28,28310,BAUDREVILLE
28,28310,OINVILLE ST LIPHARD
28,28310,POINVILLE
28,28310,GOUILLONS
28,28310,NEUVY EN BEAUCE
28,28310,BARMAINVILLE
28,28310,GUILLEVILLE
28,28310,MEROUVILLE
28,28320,YMERAY
28,28320,ECROSNES
28,28320,GALLARDON
28,28320,BAILLEAU-ARMENONVILLE
28,28320,GAS
28,28330,AUTHON DU PERCHE
28,28330,LA BAZOCHE GOUET
28,28330,CHARBONNIERES
28,28330,SAINT BOMER
28,28330,BETHONVILLIERS
28,28330,LES ETILLEUX
28,28330,COUDRAY AU PERCHE
28,28330,LES AUTELS VILLEVILLON
28,28330,CHAPELLE GUILLAUME
28,28340,BOISSY LES PERCHE
28,28340,LES RESSUINTES
28,28340,LAMBLORE
28,28340,LA FERTE VIDAME
28,28340,LA CHAPELLE FORTIN
28,28340,ROHAIRE
28,28340,MORVILLIERS
28,28350,DAMPIERRE SUR AVRE
28,28350,ST LUBIN DES JONCHERETS
28,28360,VITRAY EN BEAUCE
28,28360,MESLAY LE VIDAME
28,28360,THEUVILLE
28,28360,DAMMARIE
28,28360,PRUNAY LE GILLON
28,28360,LA BOURDINIERE-SAINT-LOUP
28,28360,FRESNAY LE COMTE
28,28360,LUPLANTE
28,28380,ST REMY SUR AVRE
28,28400,LA GAUDAINE
28,28400,ARCISSES
28,28400,NOGENT LE ROTROU
28,28400,TRIZAY COUTRETOT ST SERGE
28,28400,SOUANCE AU PERCHE
28,28400,ST JEAN PIERRE FIXTE
28,28400,MAROLLES LES BUIS
28,28400,CHAMPROND EN PERCHET
28,28410,ABONDANT
28,28410,ST LUBIN DE LA HAYE
28,28410,BROUE
28,28410,BU
28,28410,GOUSSAINVILLE
28,28410,SERVILLE
28,28410,HAVELU
28,28410,BOUTIGNY-PROUAIS
28,28410,MARCHEZAIS
28,28480,BEAUMONT LES AUTELS
28,28480,THIRON GARDAIS
28,28480,ARGENVILLIERS
28,28480,MIERMAIGNE
28,28480,SAINTIGNY
28,28480,HAPPONVILLIERS
28,28480,LUIGNY
28,28480,COMBRES
28,28480,VICHERES
28,28480,LA CROIX DU PERCHE
28,28480,CHASSANT
28,28500,SAULNIERES
28,28500,VERNOUILLET
28,28500,TREON
28,28500,CHERISY
28,28500,BOISSY EN DROUAIS
28,28500,VERT EN DROUAIS
28,28500,GARNAY
28,28500,AUNAY SOUS CRECY
28,28500,MARVILLE MOUTIERS BRULE
28,28500,OUERRE
28,28500,MEZIERES EN DROUAIS
28,28500,ALLAINVILLE
28,28500,CHARPONT
28,28500,MONTREUIL
28,28500,LOUVILLIERS EN DROUAIS
28,28500,CRECY COUVE
28,28500,GERMAINVILLE
28,28500,LURAY
28,28500,SAINTE-GEMME-MORONVAL
28,28500,GARANCIERES EN DROUAIS
28,28500,LA CHAPELLE FORAINVILLIERS
28,28500,ECLUZELLES
28,28600,LUISANT
28,28630,NOGENT LE PHAYE
28,28630,LE COUDRAY
28,28630,BARJOUVILLE
28,28630,BERCHERES LES PIERRES
28,28630,MORANCEZ
28,28630,VER LES CHARTRES
28,28630,SOURS
28,28630,FONTENAY S EURE
28,28630,GELLAINVILLE
28,28630,MIGNIERES
28,28630,CORANCEZ
28,28630,THIVARS
28,28700,FRANCOURVILLE
28,28700,HOUVILLE LA BRANCHE
28,28700,AUNEAU-BLEURY-SAINT-SYMPHORIEN
28,28700,AUNAY SOUS AUNEAU
28,28700,DENONVILLE
28,28700,LE GUE DE LONGROI
28,28700,SAINVILLE
28,28700,ST LEGER DES AUBEES
28,28700,BEVILLE LE COMTE
28,28700,CHATENAY
28,28700,GARANCIERES EN BEAUCE
28,28700,CHAMPSERU
28,28700,LEVAINVILLE
28,28700,SANTEUIL
28,28700,OYSONVILLE
28,28700,OINVILLE SOUS AUNEAU
28,28700,LETHUIN
28,28700,LA CHAPELLE D AUNAINVILLE
28,28700,MAISONS
28,28700,ROINVILLE
28,28700,UMPEAU
28,28700,VOISE
28,28700,MORAINVILLE
28,28700,ARDELU
28,28700,MONDONVILLE ST JEAN
28,28700,MOINVILLE LA JEULIN
28,28700,GOMMERVILLE
28,28700,VIERVILLE
28,28800,VILLIERS ST ORIEN
28,28800,BOUVILLE
28,28800,ALLUYES
28,28800,TRIZAY LES BONNEVAL
28,28800,SAUMERAY
28,28800,BONNEVAL
28,28800,SANCHEVILLE
28,28800,MONTHARVILLE
28,28800,LE GAULT ST DENIS
28,28800,PRE ST MARTIN
28,28800,ST MAUR SUR LE LOIR
28,28800,BULLAINVILLE
28,28800,NEUVY EN DUNOIS
28,28800,FLACEY
28,28800,MORIERS
28,28800,DANCY
28,28800,MONTBOISSIER
28,28800,PRE ST EVROULT
56,56000,VANNES
56,56100,LORIENT
56,56110,GOURIN
56,56110,ROUDOUALLEC
56,56110,LE SAINT
56,56120,HELLEAN
56,56120,GUEGON
56,56120,FORGES DE LANOUEE
56,56120,JOSSELIN
56,56120,LA GREE-SAINT-LAURENT
56,56120,PLEUGRIFFET
56,56120,SAINT-SERVANT
56,56120,LA CROIX-HELLEAN
56,56120,LANTILLAC
56,56130,THEHILLAC
56,56130,LA ROCHE BERNARD
56,56130,PEAULE
56,56130,NIVILLAC
56,56130,MARZAN
56,56130,CAMOEL
56,56130,FEREL
56,56130,SAINT-DOLAY
56,56140,SAINT-MARCEL
56,56140,MALESTROIT
56,56140,SAINT-ABRAHAM
56,56140,MISSIRIAC
56,56140,REMINIAC
56,56140,RUFFIAC
56,56140,TREAL
56,56140,PLEUCADEUC
56,56140,BOHAL
56,56140,CARO
56,56140,SAINT-LAURENT
56,56140,SAINT-CONGARD
56,56150,GUENIN
56,56150,BAUD
56,56150,SAINT-BARTHELEMY
56,56160,SEGLIEN
56,56160,PLOERDUT
56,56160,LIGNOL
56,56160,GUEMENE-SUR-SCORFF
56,56160,LANGOELAN
56,56160,LOCMALO
56,56160,PERSQUEN
56,56170,QUIBERON
56,56170,HOEDIC
56,56170,HOUAT
56,56190,MUZILLAC
56,56190,LAUZACH
56,56190,NOYAL-MUZILLAC
56,56190,AMBON
56,56190,BILLIERS
56,56190,ARZAL
56,56190,LA TRINITE SURZUR
56,56190,LE GUERNO
56,56200,SAINT-MARTIN
56,56200,LA GACILLY
56,56200,COURNON
56,56200,LES FOUGERETS
56,56220,PLUHERLIN
56,56220,ROCHEFORT-EN-TERRE
56,56220,MALANSAC
56,56220,PEILLAC
56,56220,LIMERZEL
56,56220,CADEN
56,56220,SAINT-JACUT-LES-PINS
56,56220,SAINT-GRAVE
56,56230,QUESTEMBERT
56,56230,LARRE
56,56230,MOLAC
56,56230,BERRIC
56,56230,LE COURS
56,56240,BERNE
56,56240,PLOUAY
56,56240,INGUINIEL
56,56240,CALAN
56,56240,LANVAUDAN
56,56250,ELVEN
56,56250,SULNIAC
56,56250,SAINT-NOLFF
56,56250,TREDION
56,56250,MONTERBLANC
56,56250,LA VRAIE CROIX
56,56250,TREFFLEAN
56,56260,LARMOR-PLAGE
56,56270,PLOEMEUR
56,56290,PORT-LOUIS
56,56300,KERGRIST
56,56300,PONTIVY
56,56300,NEULLIAC
56,56300,LE SOURN
56,56300,MALGUENAC
56,56300,SAINT-THURIAU
56,56310,BUBRY
56,56310,MELRAND
56,56310,GUERN
56,56310,QUISTINIC
56,56310,PLUMELIAU-BIEUZY
56,56320,LE FAOUET
56,56320,MESLAN
56,56320,LANVENEGEN
56,56320,PRIZIAC
56,56330,PLUVIGNER
56,56330,CAMORS
56,56340,PLOUHARNEL
56,56340,CARNAC
56,56350,ALLAIRE
56,56350,RIEUX
56,56350,SAINT-VINCENT-SUR-OUST
56,56350,BEGANNE
56,56350,SAINT-JEAN-LA-POTERIE
56,56350,SAINT-PERREUX
56,56350,SAINT-GORGON
56,56360,SAUZON
56,56360,LOCMARIA
56,56360,BANGOR
56,56360,LE PALAIS
56,56370,SARZEAU
56,56370,LE TOUR DU PARC
56,56380,GUER
56,56380,MONTENEUF
56,56380,PORCARO
56,56380,BEIGNON
56,56380,SAINT-MALO-DE-BEIGNON
56,56390,COLPO
56,56390,GRANDCHAMP
56,56390,LOCQUELTAS
56,56390,BRANDIVY
56,56390,LOCMARIA-GRANDCHAMP
56,56400,AURAY
56,56400,PLUMERGAT
56,56400,BRECH
56,56400,LE BONO
56,56400,SAINTE-ANNE-D'AURAY
56,56400,PLOEMEL
56,56400,PLUNERET
56,56400,PLOUGOUMELEN
56,56410,ERDEVEN
56,56410,ETEL
56,56420,CRUGUEL
56,56420,PLAUDREN
56,56420,PLUMELEC
56,56420,BILLIO
56,56420,BULEON
56,56420,GUEHENNO
56,56430,NEANT-SUR-YVEL
56,56430,SAINT-LERY
56,56430,MAURON
56,56430,CONCORET
56,56430,BRIGNAC
56,56430,TREHORENTEUC
56,56430,SAINT-BRIEUC-DE-MAURON
56,56440,LANGUIDIC
56,56450,LE HEZO
56,56450,THEIX-NOYALO
56,56450,SURZUR
56,56450,SAINT-ARMEL
56,56460,SERENT
56,56460,SAINT-GUYOMARD
56,56460,VAL D'OUST
56,56460,LIZIO
56,56470,LA TRINITE SUR MER
56,56470,SAINT-PHILIBERT
56,56480,CLEGUEREC
56,56480,SAINT-AIGNAN
56,56480,SAINTE-BRIGITTE
56,56480,SILFIAC
56,56490,SAINT-MALO-DES-TROIS-FONTAI
56,56490,MENEAC
56,56490,GUILLIERS
56,56490,LA TRINITE-PORHOET
56,56490,MOHON
56,56490,EVRIGUET
56,56500,BIGNAN
56,56500,SAINT-ALLOUESTRE
56,56500,REGUINY
56,56500,RADENAC
56,56500,LOCMINE
56,56500,MOREAC
56,56500,PLUMELIN
56,56500,MOUSTOIR-AC
56,56500,EVELLYS
56,56500,LA CHAPELLE NEUVE
56,56510,SAINT-PIERRE-QUIBERON
56,56520,GUIDEL
56,56530,QUEVEN
56,56530,GESTEL
56,56540,SAINT-CARADEC-TREGOMEL
56,56540,LE CROISTY
56,56540,KERNASCLEDEN
56,56540,SAINT-TUGDUAL
56,56550,LOCOAL-MENDON
56,56550,BELZ
56,56560,GUISCRIFF
56,56570,LOCMIQUELIC
56,56580,ROHAN
56,56580,CREDIN
56,56580,BREHAN
56,56590,GROIX
56,56600,LANESTER
56,56610,ARRADON
56,56620,PONT-SCORFF
56,56620,CLEGUER
56,56630,LANGONNET
56,56640,ARZON
56,56650,INZINZAC-LOCHRIST
56,56660,SAINT-JEAN-BREVELAY
56,56670,RIANTEC
56,56680,PLOUHINEC
56,56680,GAVRES
56,56690,LANDEVANT
56,56690,LANDAUL
56,56690,NOSTANG
56,56700,KERVIGNAC
56,56700,HENNEBONT
56,56700,SAINTE HELENE
56,56700,BRANDERION
56,56700,MERLEVENEZ
56,56730,SAINT-GILDAS-DE-RHUYS
56,56740,LOCMARIAQUER
56,56750,DAMGAN
56,56760,PENESTIN
56,56770,PLOURAY
56,56780,ILE-AUX-MOINES
56,56800,GUILLAC
56,56800,CAMPENEAC
56,56800,PLOERMEL
56,56800,AUGAN
56,56800,TAUPONT
56,56800,VAL D'OUST
56,56800,MONTERTELOT
56,56800,GOURHEL
56,56800,LOYAT
56,56840,ILE-D ARZ
56,56850,CAUDAN
56,56860,SENE
56,56870,BADEN
56,56870,LARMOR-BADEN
56,56880,PLOEREN
56,56890,PLESCOP
56,56890,MEUCON
56,56890,SAINT-AVE
56,56910,SAINT-NICOLAS-DU-TERTRE
56,56910,CARENTOIR
56,56920,NOYAL-PONTIVY
56,56920,GUELTAS
56,56920,KERFOURN
56,56920,SAINT-GERAND-CROIXANVEC
56,56920,SAINT-GONNERY
56,56930,PLUMELIAU-BIEUZY
56,56950,CRACH
73,73000,CHAMBERY
73,73000,BASSENS
73,73000,BARBERAZ
73,73000,JACOB-BELLECOMBETTE
73,73000,SONNAZ
73,73000,MONTAGNOLE
73,73100,AIX LES BAINS
73,73100,LE MONTCEL
73,73100,TRESSERVE
73,73100,GRESY-SUR-AIX
73,73100,BRISON-SAINT-INNOCENT
73,73100,PUGNY-CHATENOD
73,73100,MOUXY
73,73100,TREVIGNIN
73,73100,SAINT OFFENGE
73,73110,VALGELON-LA ROCHETTE
73,73110,ARVILLARD
73,73110,LE VERNEIL
73,73110,LA TABLE
73,73110,PRESLE
73,73110,LA TRINITE
73,73110,LE PONTET
73,73110,ROTHERENS
73,73110,DETRIER
73,73110,LA CROIX DE LA ROCHETTE
73,73110,BOURGET-EN-HUILE
73,73110,VILLARD-SALLET
73,73110,LA CHAPELLE BLANCHE
73,73110,VILLAROUX
73,73120,COURCHEVEL
73,73130,ST COLOMBAN DES VILLARDS
73,73130,SAINT FRANCOIS LONGCHAMP
73,73130,SAINT-ETIENNE-DE-CUINES
73,73130,ST MARTIN SUR LA CHAMBRE
73,73130,LA CHAMBRE
73,73130,SAINTE-MARIE-DE-CUINES
73,73130,SAINT-AVRE
73,73130,SAINT-ALBAN-DES-VILLARDS
73,73130,NOTRE-DAME-DU-CRUET
73,73140,ORELLE
73,73140,SAINT-MICHEL-DE-MAURIENNE
73,73140,SAINT-MARTIN-DE-LA-PORTE
73,73140,SAINT-MARTIN-D ARC
73,73150,VAL-D ISERE
73,73160,COGNIN
73,73160,VIMINES
73,73160,CORBEL
73,73160,SAINT-THIBAUD-DE-COUZ
73,73160,SAINT-CASSIN
73,73160,SAINT-JEAN-DE-COUZ
73,73160,SAINT-SULPICE
73,73170,YENNE
73,73170,LUCEY
73,73170,LA CHAPELLE SAINT MARTIN
73,73170,BILLIEME
73,73170,SAINT-JEAN-DE-CHEVELU
73,73170,SAINT PAUL SUR YENNE
73,73170,TRAIZE
73,73170,JONGIEUX
73,73170,SAINT-PIERRE-D ALVEY
73,73170,VERTHEMEX
73,73170,MEYRIEUX-TROUET
73,73170,LOISIEUX
73,73170,LA BALME
73,73190,APREMONT
73,73190,CHALLES-LES-EAUX
73,73190,SAINT-JEOIRE-PRIEURE
73,73190,PUYGROS
73,73190,SAINT-BALDOPH
73,73190,LA THUILE
73,73190,CURIENNE
73,73200,ALLONDAZ
73,73200,ALBERTVILLE
73,73200,GILLY SUR ISERE
73,73200,MERCURY
73,73200,CESARCHES
73,73200,THENESOL
73,73200,PALLUD
73,73200,GRIGNON
73,73200,VENTHON
73,73200,MONTHION
73,73200,PLANCHERINE
73,73210,LA PLAGNE TARENTAISE
73,73210,AIME LA PLAGNE
73,73210,PEISEY-NANCROIX
73,73210,LANDRY
73,73220,SAINT-PIERRE-DE-BELLEVILLE
73,73220,ARGENTINE
73,73220,VAL-D'ARC
73,73220,MONTSAPEY
73,73220,EPIERRE
73,73220,ST GEORGES DES HURTIERES
73,73220,SAINT-LEGER
73,73220,SAINT-ALBAN-DES-HURTIERES
73,73220,AITON
73,73220,BONVILLARET
73,73220,MONTGILBERT
73,73230,LES DESERTS
73,73230,SAINT-JEAN-D ARVEY
73,73230,THOIRY
73,73230,BARBY
73,73230,SAINT-ALBAN-LEYSSE
73,73230,VEREL-PRAGONDRAN
73,73240,AVRESSIEUX
73,73240,SAINT-GENIX-LES-VILLAGES
73,73240,SAINTE-MARIE-D ALVEY
73,73240,ROCHEFORT
73,73240,CHAMPAGNEUX
73,73250,SAINT-PIERRE-D ALBIGNY
73,73250,FRETERIVE
73,73250,SAINT-JEAN-DE-LA-PORTE
73,73260,LES AVANCHERS VALMOREL
73,73260,LA LECHERE
73,73260,GRAND-AIGUEBLANCHE
73,73270,VILLARD SUR DORON
73,73270,BEAUFORT
73,73290,LA MOTTE SERVOLEX
73,73300,LA TOUR-EN-MAURIENNE
73,73300,ST JEAN DE MAURIENNE
73,73300,SAINT-PANCRACE
73,73300,FONTCOUVERTE-LA TOUSSUIRE
73,73300,VILLAREMBERT
73,73300,ALBIEZ-MONTROND
73,73300,VILLARGONDRAN
73,73300,MONTVERNIER
73,73300,JARRIER
73,73300,ALBIEZ-LE-JEUNE
73,73310,SERRIERES-EN-CHAUTAGNE
73,73310,CONJUX
73,73310,CHINDRIEUX
73,73310,RUFFIEUX
73,73310,CHANAZ
73,73310,VIONS
73,73310,ONTEX
73,73310,SAINT-PIERRE-DE-CURTILLE
73,73310,MOTZ
73,73320,TIGNES
73,73330,LE PONT DE BEAUVOISIN
73,73330,DOMESSIN
73,73330,BELMONT-TRAMONET
73,73330,VEREL-DE-MONTBEL
73,73340,AILLON-LE-JEUNE
73,73340,LA MOTTE-EN-BAUGES
73,73340,BELLECOMBE-EN-BAUGES
73,73340,LESCHERAINES
73,73340,SAINT-FRANCOIS-DE-SALES
73,73340,ARITH
73,73340,LE NOYER
73,73340,AILLON-LE-VIEUX
73,73350,PLANAY
73,73350,BOZEL
73,73350,CHAMPAGNY-EN-VANOISE
73,73350,MONTAGNY
73,73350,FEISSONS-SUR-SALINS
73,73360,SAINT-CHRISTOPHE-LA-GROTTE
73,73360,LA BAUCHE
73,73360,LES ECHELLES
73,73360,SAINT-FRANC
73,73360,SAINT-PIERRE-DE-GENEBROZ
73,73370,LA CHAPELLE-DU-MONT-DU-CHAT
73,73370,LE BOURGET DU LAC
73,73370,BOURDEAU
73,73390,CHATEAUNEUF
73,73390,BOURGNEUF
73,73390,VILLARD-LEGER
73,73390,CHAMOUX-SUR-GELON
73,73390,MONTENDRY
73,73390,BETTON-BETTONNET
73,73390,CHAMOUSSET
73,73390,HAUTEVILLE
73,73390,CHAMPLAURENT
73,73400,UGINE
73,73400,COHENNOZ
73,73400,MARTHOD
73,73410,LA BIOLLE
73,73410,SAINT-OURS
73,73410,ENTRELACS
73,73420,VOGLANS
73,73420,DRUMETTAZ-CLARAFOND
73,73420,VIVIERS-DU-LAC
73,73420,MERY
73,73440,LES BELLEVILLE
73,73450,VALLOIRE
73,73450,VALMEINIER
73,73460,BONVILLARD
73,73460,NOTRE-DAME-DES-MILLIERES
73,73460,TOURNON
73,73460,CLERY
73,73460,SAINT VITAL
73,73460,GRESY SUR ISERE
73,73460,MONTAILLEUR
73,73460,VERRENS ARVEY
73,73460,FRONTENEX
73,73460,SAINTE-HELENE-SUR-ISERE
73,73470,NOVALAISE
73,73470,GERBAIX
73,73470,NANCES
73,73470,MARCIEUX
73,73470,AYN
73,73480,VAL CENIS
73,73480,BESSANS
73,73480,BONNEVAL-SUR-ARC
73,73490,LA RAVOIRE
73,73500,MODANE
73,73500,VILLARODIN BOURGET
73,73500,VAL CENIS
73,73500,SAINT-ANDRE
73,73500,AVRIEUX
73,73500,AUSSOIS
73,73500,FRENEY
73,73500,FOURNEAUX
73,73520,LA BRIDOIRE
73,73520,SAINT-BERON
73,73530,SAINT-JEAN-D ARVES
73,73530,SAINT-SORLIN-D ARVES
73,73540,LA BATHIE
73,73540,ESSERTS BLAY
73,73550,LES ALLUES
73,73570,BRIDES-LES-BAINS
73,73590,NOTRE-DAME-DE-BELLECOMBE
73,73590,COHENNOZ
73,73590,LA GIETTAZ
73,73590,FLUMET
73,73590,SAINT-NICOLAS-LA-CHAPELLE
73,73590,CREST VOLAND
73,73600,HAUTECOUR
73,73600,LES BELLEVILLE
73,73600,MOUTIERS
73,73600,SALINS-FONTAINE
73,73600,COURCHEVEL
73,73600,SAINT-MARCEL
73,73600,NOTRE-DAME-DU-PRE
73,73610,AIGUEBELETTE-LE-LAC
73,73610,DULLIN
73,73610,SAINT-ALBAN-DE-MONTBEL
73,73610,ATTIGNAT-ONCIN
73,73610,LEPIN-LE-LAC
73,73620,HAUTELUCE
73,73630,ECOLE
73,73630,LA COMPOTE
73,73630,LE CHATELARD
73,73630,DOUCY-EN-BAUGES
73,73630,JARSY
73,73630,SAINTE-REINE
73,73640,SAINTE-FOY-TARENTAISE
73,73640,VILLAROGER
73,73660,LES CHAVANNES EN MAURIENNE
73,73660,SAINT-REMY-DE-MAURIENNE
73,73660,LA CHAPELLE
73,73670,SAINT-PIERRE-D ENTREMONT
73,73670,ENTREMONT-LE-VIEUX
73,73700,MONTVALEZAN
73,73700,BOURG-SAINT-MAURICE
73,73700,SEEZ
73,73700,LES CHAPELLES
73,73710,PRALOGNAN-LA-VANOISE
73,73720,QUEIGE
73,73730,ROGNAIX
73,73730,CEVINS
73,73730,SAINT-PAUL-SUR-ISERE
73,73790,TOURS EN SAVOIE
73,73800,CRUET
73,73800,PORTE-DE-SAVOIE
73,73800,SAINT-PIERRE-DE-SOUCY
73,73800,MONTMELIAN
73,73800,LES MOLLETTES
73,73800,LA CHAVANNE
73,73800,COISE ST-JEAN-PD-GAUTHIER
73,73800,VILLARD-D HERY
73,73800,SAINTE-HELENE-DU-LAC
73,73800,ARBIN
73,73800,LAISSAUD
73,73800,MYANS
73,73800,CHIGNIN
73,73800,PLANAISE
73,73870,MONTRICHER-ALBANNE
73,73870,SAINT JULIEN MONTDENIS
74,74000,ANNECY
74,74100,ANNEMASSE
74,74100,AMBILLY
74,74100,VILLE-LA-GRAND
74,74100,ETREMBIERES
74,74100,VETRAZ-MONTHOUX
74,74100,JUVIGNY
74,74110,MORZINE
74,74110,MONTRIOND
74,74110,LA COTE D ARBROZ
74,74110,ESSERT-ROMAND
74,74120,MEGEVE
74,74120,PRAZ SUR ARLY
74,74120,DEMI-QUARTIER
74,74130,BONNEVILLE
74,74130,MONT-SAXONNEX
74,74130,GLIERES-VAL-DE-BORNE
74,74130,CONTAMINE-SUR-ARVE
74,74130,BRIZON
74,74130,VOUGY
74,74130,FAUCIGNY
74,74130,AYSE
74,74140,SAINT-CERGUES
74,74140,MACHILLY
74,74140,SCIEZ
74,74140,MESSERY
74,74140,CHENS-SUR-LEMAN
74,74140,EXCENEVEX
74,74140,LOISIN
74,74140,VEIGY-FONCENEX
74,74140,NERNIER
74,74140,DOUVAINE
74,74140,YVOIRE
74,74140,MASSONGY
74,74140,BALLAISON
74,74150,RUMILLY
74,74150,SALES
74,74150,MOYE
74,74150,VALLIERES-SUR-FIER
74,74150,ETERCY
74,74150,CREMPIGNY-BONNEGUETE
74,74150,THUSY
74,74150,VAULX
74,74150,MASSINGY
74,74150,MARCELLAZ-ALBANAIS
74,74150,HAUTEVILLE-SUR-FIER
74,74150,VERSONNEX
74,74150,LORNAY
74,74150,BOUSSY
74,74150,MARIGNY-SAINT-MARCEL
74,74150,SAINT-EUSEBE
74,74150,BLOYE
74,74160,SAINT-JULIEN-EN-GENEVOIS
74,74160,BEAUMONT
74,74160,FEIGERES
74,74160,PRESILLY
74,74160,COLLONGES-SOUS-SALEVE
74,74160,ARCHAMPS
74,74160,NEYDENS
74,74160,BOSSEY
74,74160,VERS
74,74170,LES CONTAMINES MONTJOIE
74,74170,SAINT GERVAIS LES BAINS
74,74170,PASSY
74,74190,PASSY
74,74200,THONON LES BAINS
74,74200,VERNAZ (LA)
74,74200,ANTHY-SUR-LEMAN
74,74200,ALLINGES
74,74200,ARMOY
74,74200,MARIN
74,74200,LYAUD (LE)
74,74200,MARGENCEL
74,74200,FORCLAZ (LA)
74,74200,REYVROZ
74,74210,VAL DE CHAISE
74,74210,TALLOIRES-MONTMIN
74,74210,FAVERGES-SEYTHENEX
74,74210,DOUSSARD
74,74210,GIEZ
74,74210,SAINT-FERREOL
74,74210,LATHUILE
74,74210,CHEVALINE
74,74220,LA CLUSAZ
74,74230,MANIGOD
74,74230,THONES
74,74230,LE BOUCHET MONT CHARVIN
74,74230,DINGY-SAINT-CLAIR
74,74230,LES VILLARDS SUR THONES
74,74230,LES CLEFS
74,74230,SERRAVAL
74,74230,LA BALME DE THUY
74,74240,GAILLARD
74,74250,FILLINGES
74,74250,LA TOUR
74,74250,BOGEVE
74,74250,VIUZ-EN-SALLAZ
74,74250,SAINT-JEAN-DE-THOLOME
74,74250,PEILLONNEX
74,74250,MARCELLAZ
74,74250,VILLE-EN-SALLAZ
74,74260,LES GETS
74,74270,FRANGY
74,74270,MINZIER
74,74270,CHAVANNAZ
74,74270,CLERMONT
74,74270,MENTHONNEX-SOUS-CLERMONT
74,74270,CLARAFOND-ARCINE
74,74270,MARLIOZ
74,74270,DROISY
74,74270,CHENE-EN-SEMINE
74,74270,CHAUMONT
74,74270,DESINGY
74,74270,CHILLY
74,74270,SALLENOVES
74,74270,CONTAMINE-SARZIN
74,74270,VANZY
74,74270,MUSIEGES
74,74270,CHESSENAZ
74,74290,ALEX
74,74290,MENTHON-SAINT-BERNARD
74,74290,VEYRIER-DU-LAC
74,74290,TALLOIRES-MONTMIN
74,74290,BLUFFY
74,74300,CLUSES
74,74300,THYEZ
74,74300,ARACHES LA FRASSE
74,74300,MAGLAND
74,74300,CHATILLON-SUR-CLUSES
74,74300,NANCY-SUR-CLUSES
74,74300,SAINT-SIGISMOND
74,74310,LES HOUCHES
74,74310,SERVOZ
74,74310,PASSY
74,74320,SEVRIER
74,74320,LESCHAUX
74,74330,SILLINGY
74,74330,POISY
74,74330,NONGLARD
74,74330,EPAGNY METZ-TESSY
74,74330,MESIGNY
74,74330,LA BALME DE SILLINGY
74,74330,CHOISY
74,74330,LOVAGNY
74,74340,SAMOENS
74,74350,VILLY-LE-PELLOUX
74,74350,ANDILLY
74,74350,ALLONZIER-LA-CAILLE
74,74350,CUVAT
74,74350,CRUSEILLES
74,74350,VILLY-LE-BOUVERET
74,74350,CERNEX
74,74350,LE SAPPEY
74,74350,COPPONEX
74,74350,VOVRAY-EN-BORNES
74,74350,CERCIER
74,74350,MENTHONNEX-EN-BORNES
74,74350,SAINT-BLAISE
74,74360,LA CHAPELLE-D'ABONDANCE
74,74360,VACHERESSE
74,74360,ABONDANCE
74,74360,BONNEVAUX
74,74370,ARGONAY
74,74370,NAVES-PARMELAN
74,74370,ANNECY
74,74370,VILLAZ
74,74370,FILLIERE
74,74370,EPAGNY METZ-TESSY
74,74370,CHARVONNEX
74,74380,ARTHAZ-PONT-NOTRE-DAME
74,74380,NANGY
74,74380,BONNE
74,74380,CRANVES-SALES
74,74380,LUCINGES
74,74390,CHATEL
74,74400,CHAMONIX MONT BLANC
74,74410,SAINT-JORIOZ
74,74410,ENTREVERNES
74,74410,DUINGT
74,74410,SAINT-EUSTACHE
74,74410,LA CHAPELLE SAINT MAURICE
74,74420,HABERE-LULLIN
74,74420,HABERE-POCHE
74,74420,BURDIGNIN
74,74420,BOEGE
74,74420,SAXEL
74,74420,VILLARD
74,74420,SAINT-ANDRE-DE-BOEGE
74,74430,SAINT-JEAN-D'AULPS
74,74430,SEYTROUX
74,74430,BIOT (LE)
74,74430,BAUME (LA)
74,74440,TANINGES
74,74440,MORILLON
74,74440,VERCHAIX
74,74440,MIEUSSY
74,74440,LA RIVIERE ENVERSE
74,74450,LE GRAND BORNAND
74,74450,SAINT-JEAN-DE-SIXT
74,74460,MARNAZ
74,74470,BELLEVAUX
74,74470,LULLIN
74,74470,VAILLY
74,74480,PASSY
74,74490,SAINT-JEOIRE
74,74490,MEGEVETTE
74,74490,ONNION
74,74500,EVIAN-LES-BAINS
74,74500,PUBLIER
74,74500,LUGRIN
74,74500,NOVEL
74,74500,NEUVECELLE
74,74500,CHAMPANGES
74,74500,MEILLERIE
74,74500,FETERNES
74,74500,THOLLON-LES-MEMISES
74,74500,BERNEX
74,74500,SAINT-GINGOLPH
74,74500,CHEVENOZ
74,74500,MAXILLY-SUR-LEMAN
74,74500,LARRINGES
74,74500,SAINT-PAUL-EN-CHABLAIS
74,74500,VINZIER
74,74520,JONZIER-EPAGNY
74,74520,VALLEIRY
74,74520,SAVIGNY
74,74520,DINGY-EN-VUACHE
74,74520,CHENEX
74,74520,VULBENS
74,74520,CHEVRIER
74,74540,CHAPEIRY
74,74540,ALBY-SUR-CHERAN
74,74540,HERY-SUR-ALBY
74,74540,CHAINAZ-LES-FRASSES
74,74540,MURES
74,74540,CUSY
74,74540,VIUZ-LA-CHIESAZ
74,74540,GRUFFY
74,74540,SAINT-FELIX
74,74540,ALLEVES
74,74540,SAINT-SYLVESTRE
74,74550,PERRIGNIER
74,74550,DRAILLANT
74,74550,CERVENS
74,74550,ORCIER
74,74560,LA MURAZ
74,74560,MONNETIER-MORNEX
74,74570,GROISY
74,74570,FILLIERE
74,74580,VIRY
74,74600,ANNECY
74,74600,MONTAGNY-LES-LANCHES
74,74600,QUINTAL
74,74650,CHAVANOD
74,74660,VALLORCINE
74,74700,SALLANCHES
74,74700,CORDON
74,74700,DOMANCY
74,74700,PASSY
74,74740,SIXT FER A CHEVAL
74,74800,LA ROCHE SUR FORON
74,74800,AMANCY
74,74800,SAINT-PIERRE-EN-FAUCIGNY
74,74800,ETEAUX
74,74800,SAINT-LAURENT
74,74800,CORNIER
74,74800,ARENTHON
74,74800,SAINT SIXT
74,74800,LA CHAPELLE RAMBAUD
74,74890,BONS-EN-CHABLAIS
74,74890,FESSY
74,74890,BRENTHONNE
74,74890,LULLY
74,74910,SEYSSEL
74,74910,USINENS
74,74910,CHALLONGES
74,74910,BASSY
74,74910,SAINT-GERMAIN-SUR-RHONE
74,74910,FRANCLENS
74,74920,COMBLOUX
74,74930,REIGNIER-ESERY
74,74930,ARBUSIGNY
74,74930,PERS-JUSSY
74,74930,SCIENTRIER
74,74940,ANNECY
74,74950,SCIONZIER
74,74950,LE REPOSOIR
74,74960,ANNECY
74,74970,MARIGNIER
75,75001,PARIS 01
75,75002,PARIS 02
75,75003,PARIS 03
75,75004,PARIS 04
75,75005,PARIS 05
75,75006,PARIS 06
75,75007,PARIS 07
75,75008,PARIS 08
75,75009,PARIS 09
75,75010,PARIS 10
75,75011,PARIS 11
75,75012,PARIS 12
75,75013,PARIS 13
75,75014,PARIS 14
92,75015,ISSY-LES-MOULINEAUX
75,75015,PARIS 15
92,75016,BOULOGNE-BILLANCOURT
75,75016,PARIS 16
75,75017,PARIS 17
75,75018,PARIS 18
75,75019,PARIS 19
75,75020,PARIS 20
76,76000,ROUEN
76,76100,ROUEN
76,76110,BEC-DE-MORTAGNE
76,76110,ST SAUVEUR D'EMALLEVILLE
76,76110,GODERVILLE
76,76110,MENTHEVILLE
76,76110,GRAINVILLE-YMAUVILLE
76,76110,ECRAINVILLE
76,76110,BRETTEVILLE-DU-GRAND-CAUX
76,76110,BENARVILLE
76,76110,VATTETOT-SOUS-BEAUMONT
76,76110,MANNEVILLE-LA-GOUPIL
76,76110,SAUSSEUZEMARE-EN-CAUX
76,76110,BORNAMBUSC
76,76110,DAUBEUF-SERVILLE
76,76110,ANNOUVILLE-VILMESNIL
76,76110,GONFREVILLE-CAILLOT
76,76110,BREAUTE
76,76110,SAINT-MACLOU-LA-BRIERE
76,76110,HOUQUETOT
76,76110,VIRVILLE
76,76110,AUBERVILLE-LA-RENAULT
76,76110,TOCQUEVILLE-LES-MURS
76,76110,ANGERVILLE BAILLEUL
76,76111,YPORT
76,76111,VATTETOT-SUR-MER
76,76111,CRIQUEBEUF-EN-CAUX
76,76113,SAINT-PIERRE-DE-MANNEVILLE
76,76113,SAHURS
76,76113,HAUTOT-SUR-SEINE
76,76116,AUZOUVILLE-SUR-RY
76,76116,BLAINVILLE-CREVON
76,76116,RY
76,76116,MARTAINVILLE-EPREVILLE
76,76116,CATENAY
76,76116,SERVAVILLE-SALMONVILLE
76,76116,SAINT-DENIS-LE-THIBOULT
76,76116,SAINT-AIGNAN-SUR-RY
76,76116,GRAINVILLE-SUR-RY
76,76117,INCHEVILLE
76,76119,SAINTE-MARGUERITE-SUR-MER
76,76119,VARENGEVILLE-SUR-MER
76,76120,GRAND QUEVILLY (LE)
76,76130,MONT-SAINT-AIGNAN
76,76130,NOTRE-DAME-DE-BONDEVILLE
76,76133,EPOUVILLE
76,76133,ROLLEVILLE
76,76133,MANEGLISE
76,76133,SAINT-MARTIN-DU-BEC
76,76133,NOTRE-DAME-DU-BEC
76,76140,PETIT QUEVILLY (LE)
76,76150,LA VAUPALIERE
76,76150,MAROMME
76,76150,SAINT-JEAN-DU-CARDONNAY
76,76160,SAINT-JACQUES-SUR-DARNETAL
76,76160,BOIS-L EVEQUE
76,76160,DARNETAL
76,76160,BOIS-D ENNEBOURG
76,76160,SAINT-LEGER-DU-BOURG-DENIS
76,76160,SAINT-MARTIN-DU-VIVIER
76,76160,LA VIEUX RUE
76,76160,FONTAINE-SOUS-PREAUX
76,76160,RONCHEROLLES SUR LE VIVIER
76,76160,SAINT-AUBIN-EPINAY
76,76160,PREAUX
76,76170,LILLEBONNE
76,76170,SAINT-NICOLAS-DE-LA-TAILLE
76,76170,GRAND-CAMP
76,76170,TRINITE-DU-MONT (LA)
76,76170,FRENAYE (LA)
76,76170,PORT-JEROME-SUR-SEINE
76,76170,MELAMARE
76,76170,SAINT-ANTOINE-LA-FORET
76,76170,SAINT-JEAN-DE-FOLLEVILLE
76,76190,CROIX-MARE
76,76190,ECALLES-ALIX
76,76190,SAINT MARTIN DE L IF
76,76190,BLACQUEVILLE
76,76190,CARVILLE-LA-FOLLETIERE
76,76190,YVETOT
76,76190,ALLOUVILLE-BELLEFOSSE
76,76190,HAUTOT-SAINT-SULPICE
76,76190,ECRETTEVILLE-LES-BAONS
76,76190,SAINT-AUBIN-DE-CRETOT
76,76190,HAUTOT-LE-VATOIS
76,76190,LES HAUTS-DE-CAUX
76,76190,VALLIQUERVILLE
76,76190,SAINTE-MARIE-DES-CHAMPS
76,76190,BAONS-LE-COMTE
76,76190,AUZEBOSC
76,76190,TOUFFREVILLE-LA-CORBELINE
76,76190,ETOUTTEVILLE
76,76190,SAINT-CLAIR-SUR-LES-MONTS
76,76190,BOIS-HIMONT
76,76200,DIEPPE
76,76210,BOLBEC
76,76210,BOLLEVILLE
76,76210,ROUVILLE
76,76210,GRUCHET-LE-VALASSE
76,76210,LANQUETOT
76,76210,BEUZEVILLETTE
76,76210,NOINTOT
76,76210,SAINT-EUSTACHE-LA-FORET
76,76210,BEUZEVILLE-LA-GRENIER
76,76210,RAFFETOT
76,76210,MIRVILLE
76,76210,PARC-D ANXTOT
76,76210,BERNIERES
76,76210,SAINT-JEAN-DE-LA-NEUVILLE
76,76210,TROUVILLE
76,76210,LINTOT
76,76220,LA FEUILLIE
76,76220,AVESNES-EN-BRAY
76,76220,NEUF-MARCHE
76,76220,CUY-SAINT-FIACRE
76,76220,GOURNAY-EN-BRAY
76,76220,FERRIERES-EN-BRAY
76,76220,ERNEMONT-LA-VILLETTE
76,76220,DOUDEAUVILLE
76,76220,BOSC-HYONS
76,76220,GANCOURT-SAINT-ETIENNE
76,76220,BEZANCOURT
76,76220,BEAUVOIR-EN-LYONS
76,76220,DAMPIERRE-EN-BRAY
76,76220,BREMONTIER-MERVAL
76,76220,MONT-ROTY
76,76220,ELBEUF-EN-BRAY
76,76220,MOLAGNIES
76,76220,MENERVAL
76,76230,BOIS GUILLAUME
76,76230,ISNEAUVILLE
76,76230,QUINCAMPOIX
76,76240,MESNIL-ESNARD (LE)
76,76240,BONSECOURS
76,76240,BELBEUF
76,76250,DEVILLE-LES-ROUEN
76,76260,EU
76,76260,FLOCQUES
76,76260,MESNIL-REAUME (LE)
76,76260,SAINT-REMY-BOSCROCOURT
76,76260,ETALONDES
76,76260,BAROMESNIL
76,76260,LONGROY
76,76260,MONCHY-SUR-EU
76,76260,CANEHAN
76,76260,SAINT-PIERRE-EN-VAL
76,76260,VILLY-SUR-YERES
76,76260,SAINT-MARTIN-LE-GAILLARD
76,76260,PONTS-ET-MARAIS
76,76260,CUVERVILLE-SUR-YERES
76,76260,SEPT-MEULES
76,76260,MILLEBOSC
76,76260,MELLEVILLE
76,76270,FESQUES
76,76270,NEUFCHATEL-EN-BRAY
76,76270,QUIEVRECOURT
76,76270,BOUELLES
76,76270,LUCY
76,76270,SAINT-GERMAIN-SUR-EAULNE
76,76270,MORTEMER
76,76270,MESNIERES-EN-BRAY
76,76270,NEUVILLE FERRIERES
76,76270,MENONVAL
76,76270,ESCLAVELLES
76,76270,SAINT-SAIRE
76,76270,CALLENGEVILLE
76,76270,BULLY
76,76270,SAINT-MARTIN-L HORTIER
76,76270,SAINTE-BEUVE-EN-RIVIERE
76,76270,MASSY
76,76270,NESLE-HODENG
76,76270,AUVILLIERS
76,76270,VATIERVILLE
76,76270,FRESLES
76,76270,GRAVAL
76,76270,FLAMETS FRETILS
76,76280,TURRETOT
76,76280,SAINT-JOUIN-BRUNEVAL
76,76280,GONNEVILLE-LA-MALLET
76,76280,ANGERVILLE-L ORCHER
76,76280,CRIQUETOT-L ESNEVAL
76,76280,BEAUREPAIRE
76,76280,VERGETOT
76,76280,ANGLESQUEVILLE-L ESNEVAL
76,76280,CUVERVILLE
76,76280,FONGUEUSEMARE
76,76280,HERMEVILLE
76,76280,VILLAINVILLE
76,76280,HEUQUEVILLE
76,76280,POTERIE-CAP-D ANTIFER (LA)
76,76280,SAINTE-MARIE-AU-BOSC
76,76280,PIERREFIQUES
76,76290,MONTIVILLIERS
76,76290,SAINT-MARTIN-DU-MANOIR
76,76290,FONTAINE-LA-MALLET
76,76290,FONTENAY
76,76290,MANNEVILLETTE
76,76300,SOTTEVILLE-LES-ROUEN
76,76310,STE ADRESSE
76,76320,CAUDEBEC-LES-ELBEUF
76,76320,SAINT PIERRE LES ELBEUF
76,76330,PORT-JEROME-SUR-SEINE
76,76330,PETIVILLE
76,76330,NORVILLE
76,76330,SAINT-MAURICE-D ETELAN
76,76340,BLANGY-SUR-BRESLE
76,76340,MONCHAUX-SORENG
76,76340,DANCOURT
76,76340,BAZINVAL
76,76340,SAINT-MARTIN-AU-BOSC
76,76340,FOUCARMONT
76,76340,CAMPNEUSEVILLE
76,76340,SAINT LEGER AUX BOIS
76,76340,HODENG-AU-BOSC
76,76340,GUERVILLE
76,76340,FALLENCOURT
76,76340,REALCAMP
76,76340,VILLERS-SOUS-FOUCARMONT
76,76340,AUBERMESNIL-AUX-ERABLES
76,76340,NESLE-NORMANDEUSE
76,76340,RIEUX
76,76340,PIERRECOURT
76,76340,SAINT-RIQUIER-EN-RIVIERE
76,76340,RETONVAL
76,76350,OISSEL
76,76360,BARENTIN
76,76360,PISSY-POVILLE
76,76360,VILLERS ECALLES
76,76360,BOUVILLE
76,76370,DIEPPE
76,76370,PETIT-CAUX
76,76370,MARTIN-EGLISE
76,76370,ROUXMESNIL-BOUTEILLES
76,76370,GREGES
76,76370,ANCOURT
76,76380,CANTELEU
76,76380,MONTIGNY
76,76380,VAL-DE-LA-HAYE
76,76390,VIEUX-ROUEN-SUR-BRESLE
76,76390,HAUDRICOURT
76,76390,LE CAULE SAINTE BEUVE
76,76390,RICHEMONT
76,76390,CONTEVILLE
76,76390,LANDES-VIEILLES-ET-NEUVES
76,76390,NULLEMONT
76,76390,ELLECOURT
76,76390,MORIENNE
76,76390,AUMALE
76,76390,ILLOIS
76,76390,MARQUES
76,76390,CRIQUIERS
76,76390,RONCHOIS
76,76390,AUBEGUIMONT
76,76400,FECAMP
76,76400,SAINT-LEONARD
76,76400,COLLEVILLE
76,76400,FROBERVILLE
76,76400,TOURVILLE-LES-IFS
76,76400,MANIQUERVILLE
76,76400,EPREVILLE
76,76400,SENNEVILLE-SUR-FECAMP
76,76400,TOUSSAINT
76,76400,SAINTE-HELENE-BONDEVILLE
76,76400,GANZEVILLE
76,76400,CONTREMOULINS
76,76410,SAINT AUBIN LES ELBEUF
76,76410,CLEON
76,76410,TOURVILLE-LA-RIVIERE
76,76410,SOTTEVILLE-SOUS-LE-VAL
76,76410,FRENEUSE
76,76420,BIHOREL
76,76430,SAINT AUBIN ROUTOT
76,76430,SAINT-ROMAIN-DE-COLBOSC
76,76430,REMUEE (LA)
76,76430,CERLANGUE (LA)
76,76430,SAINT-VINCENT-CRAMESNIL
76,76430,ST GILLES DE LA NEUVILLE
76,76430,SANDOUVILLE
76,76430,EPRETOT
76,76430,TANCARVILLE
76,76430,TROIS PIERRES (LES)
76,76430,GOMMERVILLE
76,76430,SAINT-VIGOR-D YMONVILLE
76,76430,SAINNEVILLE
76,76430,GRAIMBOUVILLE
76,76430,OUDALLE
76,76430,ETAINHUS
76,76440,SERQUEUX
76,76440,FORGES-LES-EAUX
76,76440,SAINTE-GENEVIEVE
76,76440,GRUMESNIL
76,76440,SAUMONT-LA-POTERIE
76,76440,SOMMERY
76,76440,LA FERTE SAINT SAMSON
76,76440,HAUSSEZ
76,76440,COMPAINVILLE
76,76440,HAUCOURT
76,76440,ROUVRAY-CATILLON
76,76440,MAUQUENCHY
76,76440,POMMEREUX
76,76440,LE THIL RIBERPRE
76,76440,RONCHEROLLES-EN-BRAY
76,76440,BEAUBEC-LA-ROSIERE
76,76440,MESNIL-MAUGER
76,76440,FONTAINE-EN-BRAY
76,76440,LA BELLIERE
76,76440,SAINT-MICHEL-D HALESCOURT
76,76440,LONGMESNIL
76,76450,VEULETTES-SUR-MER
76,76450,HAUTOT-L AUVRAY
76,76450,CANY-BARVILLE
76,76450,OURVILLE-EN-CAUX
76,76450,SAINT-VAAST- DIEPPEDALLE
76,76450,SAINT MARTIN AUX BUNEAUX
76,76450,OUAINVILLE
76,76450,SASSEVILLE
76,76450,BOSVILLE
76,76450,CANOUVILLE
76,76450,GRAINVILLE-LA-TEINTURIERE
76,76450,AUBERVILLE-LA-MANUEL
76,76450,VITTEFLEUR
76,76450,OCQUEVILLE
76,76450,CRASVILLE-LA-MALLET
76,76450,BEUZEVILLE-LA-GUERARD
76,76450,BERTREVILLE
76,76450,BERTHEAUVILLE
76,76450,PALUEL
76,76450,CLEUVILLE
76,76450,LE HANOUARD
76,76450,THIOUVILLE
76,76450,BUTOT-VENESVILLE
76,76450,CLASVILLE
76,76450,MALLEVILLE-LES-GRES
76,76460,SAINT-VALERY-EN-CAUX
76,76460,SAINT RIQUIER ES PLAINS
76,76460,NEVILLE
76,76460,SAINTE-COLOMBE
76,76460,INGOUVILLE
76,76460,GUEUTTEVILLE-LES-GRES
76,76460,PLEINE-SEVE
76,76460,BLOSSEVILLE
76,76460,DROSAY
76,76460,MANNEVILLE-ES-PLAINS
76,76460,CAILLEVILLE
76,76460,SAINT-SYLVAIN
76,76460,MESNIL-DURDENT (LE)
76,76470,LE TREPORT
76,76480,DUCLAIR
76,76480,SAINT-PAER
76,76480,STE MARGUERITE SUR DUCLAIR
76,76480,SAINT-PIERRE-DE-VARENGEVILL
76,76480,ANNEVILLE-AMBOURVILLE
76,76480,YAINVILLE
76,76480,BARDOUVILLE
76,76480,ROUMARE
76,76480,JUMIEGES
76,76480,BERVILLE-SUR-SEINE
76,76480,LE MESNIL SOUS JUMIEGES
76,76480,EPINAY-SUR-DUCLAIR
76,76490,RIVES-EN-SEINE
76,76490,LOUVETOT
76,76490,MAULEVRIER-SAINTE-GERTRUDE
76,76490,ANQUETIERVILLE
76,76490,SAINT-ARNOULT
76,76490,SAINT-GILLES-DE-CRETOT
76,76490,SAINT-NICOLAS-DE-LA-HAIE
76,76500,ELBEUF
76,76500,ORIVAL
76,76500,LONDE (LA)
76,76510,NOTRE-DAME-D ALIERMONT
76,76510,SAINT-NICOLAS-D ALIERMONT
76,76510,DAMPIERRE-SAINT-NICOLAS
76,76510,MEULERS
76,76510,SAINT-AUBIN-LE-CAUF
76,76510,SAINT-JACQUES-D ALIERMONT
76,76510,RICARVILLE-DU-VAL
76,76510,FREULLEVILLE
76,76510,ST VAAST D EQUIQUEVILLE
76,76520,FRANQUEVILLE-SAINT-PIERRE
76,76520,BOOS
76,76520,QUEVREVILLE-LA-POTERIE
76,76520,YMARE
76,76520,GOUY
76,76520,AUTHIEUX-SUR-LE-PORT-SAINT-
76,76520,MONTMAIN
76,76520,NEUVILLE-CHANT-D OISEL (LA)
76,76520,MESNIL-RAOUL
76,76520,FRESNE-LE-PLAN
76,76520,SAINT-AUBIN-CELLOVILLE
76,76530,GRAND-COURONNE
76,76530,YVILLE-SUR-SEINE
76,76530,MAUNY
76,76530,BOUILLE (LA)
76,76530,MOULINEAUX
76,76540,CRIQUETOT-LE-MAUCONDUIT
76,76540,ANGERVILLE-LA-MARTEL
76,76540,VINNEMERVILLE
76,76540,ELETOT
76,76540,ECRETTEVILLE-SUR-MER
76,76540,SAINT-PIERRE-EN-PORT
76,76540,RIVILLE
76,76540,THEROULDEVILLE
76,76540,THIETREVILLE
76,76540,SAINT MARTIN AUX BUNEAUX
76,76540,ANCRETTEVILLE-SUR-MER
76,76540,YPREVILLE-BIVILLE
76,76540,SASSETOT-LE-MAUCONDUIT
76,76540,VALMONT
76,76540,LIMPIVILLE
76,76540,SORQUAINVILLE
76,76540,THIERGEVILLE
76,76540,THEUVILLE-AUX-MAILLOTS
76,76540,GERPONVILLE
76,76550,HAUTOT-SUR-MER
76,76550,OFFRANVILLE
76,76550,AUBERMESNIL-BEAUMAIS
76,76550,SAUQUEVILLE
76,76550,TOURVILLE-SUR-ARQUES
76,76550,AMBRUMESNIL
76,76550,SAINT-AUBIN-SUR-SCIE
76,76550,COLMESNIL-MANNEVILLE
76,76560,HERICOURT-EN-CAUX
76,76560,HARCANVILLE
76,76560,ANVEVILLE
76,76560,YVECRIQUE
76,76560,SAINT-LAURENT-EN-CAUX
76,76560,REUVILLE
76,76560,BENESVILLE
76,76560,VEAUVILLE-LES-QUELLES
76,76560,ETALLEVILLE
76,76560,AMFREVILLE-LES-CHAMPS
76,76560,BERVILLE-EN-CAUX
76,76560,DOUDEVILLE
76,76560,SOMMESNIL
76,76560,ANCOURTEVILLE SUR HERICOURT
76,76560,OHERVILLE
76,76560,CARVILLE-POT-DE-FER
76,76560,GONZEVILLE
76,76560,CANVILLE-LES-DEUX-EGLISES
76,76560,FULTOT
76,76560,LE-TORP-MESNIL
76,76560,ROBERTOT
76,76560,BRETTEVILLE-SAINT-LAURENT
76,76560,ROUTES
76,76560,BOUDEVILLE
76,76560,PRETOT-VICQUEMARE
76,76570,EMANVILLE
76,76570,PAVILLY
76,76570,LIMESY
76,76570,FRESQUIENNES
76,76570,SAINTE-AUSTREBERTHE
76,76570,GOUPILLIERES
76,76570,MESNIL-PANNEVILLE
76,76570,CIDEVILLE
76,76570,HUGLEVILLE-EN-CAUX
76,76580,LE TRAIT
76,76590,TORCY-LE-GRAND
76,76590,CROSVILLE-SUR-SCIE
76,76590,ANNEVILLE-SUR-SCIE
76,76590,SAINT-GERMAIN-D ETABLES
76,76590,SAINTE-FOY
76,76590,CRIQUETOT-SUR-LONGUEVILLE
76,76590,BERTREVILLE-SAINT-OUEN
76,76590,LONGUEVILLE-SUR-SCIE
76,76590,MANEHOUVILLE
76,76590,BELMESNIL
76,76590,LA CHAUSSEE
76,76590,GONNEVILLE-SUR-SCIE
76,76590,NOTRE-DAME-DU-PARC
76,76590,TORCY-LE-PETIT
76,76590,SAINT-HONORE
76,76590,LE BOIS-ROBERT
76,76590,LE CATELIER
76,76590,SAINT-CRESPIN
76,76590,DENESTANVILLE
76,76590,LES CENT ACRES
76,76590,MUCHEDENT
76,76590,LINTOT-LES-BOIS
76,76600,ROUEN
76,76600,LE HAVRE
76,76610,LE HAVRE
76,76620,LE HAVRE
76,76630,SAUCHAY
76,76630,ENVERMEU
76,76630,PETIT-CAUX
76,76630,DOUVREND
76,76630,BAILLY-EN-RIVIERE
76,76630,AVESNES-EN-VAL
76,76630,BELLENGREVILLE
76,76630,LES IFS
76,76630,SAINT-OUEN-SOUS-BAILLY
76,76640,YEBLERON
76,76640,TERRES-DE-CAUX
76,76640,ALVIMARE
76,76640,HATTENVILLE
76,76640,ENVRONVILLE
76,76640,NORMANVILLE
76,76640,CLIPONVILLE
76,76640,TREMAUVILLE
76,76640,FOUCART
76,76640,CLEVILLE
76,76640,ROCQUEFORT
76,76650,PETIT-COURONNE (LE)
76,76660,SAINTE-AGATHE-D ALIERMONT
76,76660,BURES-EN-BRAY
76,76660,CROIXDALLE
76,76660,MESNIL-FOLLEMPRISE
76,76660,CLAIS
76,76660,OSMOY-SAINT-VALERY
76,76660,BAILLOLET
76,76660,LONDINIERES
76,76660,SMERMESNIL
76,76660,BAILLEUL-NEUVILLE
76,76660,WANCHY-CAPVAL
76,76660,FRESNOY-FOLNY
76,76660,GRANDCOURT
76,76660,FREAUVILLE
76,76660,PREUSEVILLE
76,76660,ST PIERRE DES JONQUIERES
76,76680,ROCQUEMONT
76,76680,SAINT-SAENS
76,76680,POMMEREVAL
76,76680,ROSAY
76,76680,MONTEROLIER
76,76680,ARDOUVAL
76,76680,BOSC-BERENGER
76,76680,BELLENCOMBRE
76,76680,MATHONVILLE
76,76680,CRITOT
76,76680,SAINT-HELLIER
76,76680,NEUFBOSC
76,76680,SAINT MARTIN OSMONVILLE
76,76680,MAUCOMBLE
76,76680,VENTES-SAINT-REMY
76,76680,BOSC-MESNIL
76,76680,BRADIANCOURT
76,76690,FONTAINE-LE-BOURG
76,76690,LA HOUSSAYE BERANGER
76,76690,LE BOCASSE
76,76690,MONT-CAUVAIRE
76,76690,GRUGNY
76,76690,FRICHEMESNIL
76,76690,SIERVILLE
76,76690,CAILLY
76,76690,AUTHIEUX-RATIEVILLE
76,76690,ESTEVILLE
76,76690,SAINT-ANDRE-SUR-CAILLY
76,76690,CLERES
76,76690,CLAVILLE-MOTTEVILLE
76,76690,LA RUE SAINT PIERRE
76,76690,YQUEBEUF
76,76690,SAINT-GEORGES-SUR-FONTAINE
76,76690,SAINT-GERMAIN-SOUS-CAILLY
76,76700,ROGERVILLE
76,76700,GONFREVILLE L ORCHER
76,76700,GAINNEVILLE
76,76700,HARFLEUR
76,76700,SAINT-LAURENT-DE-BREVEDENT
76,76710,BOSC-GUERARD-SAINT-ADRIEN
76,76710,ANCEAUMEVILLE
76,76710,MONTVILLE
76,76710,ESLETTES
76,76720,VAL-DE-SCIE
76,76720,HEUGLEVILLE-SUR-SCIE
76,76720,CROPUS
76,76730,RAINFREVILLE
76,76730,AUPPEGARD
76,76730,BRACHY
76,76730,GUEURES
76,76730,LAMMERVILLE
76,76730,BACQUEVILLE-EN-CAUX
76,76730,THIL-MANNEVILLE
76,76730,SAINT-OUEN-LE-MAUGER
76,76730,OMONVILLE
76,76730,AVREMESNIL
76,76730,ROYVILLE
76,76730,SASSETOT-LE-MALGARDE
76,76730,AUZOUVILLE-SUR-SAANE
76,76730,LAMBERVILLE
76,76730,VENESTANVILLE
76,76730,GONNETOT
76,76730,HERMANVILLE
76,76730,SAINT-MARDS
76,76730,SAANE-SAINT-JUST
76,76730,TOCQUEVILLE-EN-CAUX
76,76740,BOURG-DUN
76,76740,ANGIENS
76,76740,SAINT-AUBIN-SUR-MER
76,76740,FONTAINE-LE-DUN
76,76740,LA-GAILLARDE
76,76740,ERMENOUVILLE
76,76740,CRASVILLE-LA-ROCQUEFORT
76,76740,LA CHAPELLE-SUR-DUN
76,76740,HEBERVILLE
76,76740,BRAMETOT
76,76740,AUTIGNY
76,76740,SOTTEVILLE-SUR-MER
76,76740,ANGLESQUEVILLE-LA-BRAS-LONG
76,76740,BOURVILLE
76,76740,HOUDETOT
76,76740,SAINT-PIERRE-LE-VIEUX
76,76740,SAINT-PIERRE-LE-VIGER
76,76750,PIERREVAL
76,76750,MORGNY-LA-POMMERAYE
76,76750,HERONCHELLES
76,76750,BUCHY
76,76750,SAINT-GERMAIN-DES-ESSOURTS
76,76750,BOSC-BORDEL
76,76750,VIEUX-MANOIR
76,76750,ERNEMONT-SUR-BUCHY
76,76750,SAINTE-CROIX-SUR-BUCHY
76,76750,LONGUERUE
76,76750,BOIS-GUILBERT
76,76750,BOSC-EDELINE
76,76750,BOISSAY
76,76750,BIERVILLE
76,76750,REBETS
76,76750,BOIS-HEROULT
76,76760,BOURDAINVILLE
76,76760,CRIQUETOT-SUR-OUVILLE
76,76760,OUVILLE-L ABBAYE
76,76760,YERVILLE
76,76760,SAINT-MARTIN-AUX-ARBRES
76,76760,LINDEBEUF
76,76760,SAUSSAY
76,76760,ECTOT-L AUBER
76,76760,AUZOUVILLE-L ESNEVAL
76,76760,VIBEUF
76,76760,ANCRETIEVILLE-SAINT-VICTOR
76,76770,LE HOULME
76,76770,MALAUNAY
76,76770,HOUPPEVILLE
76,76780,MORVILLE SUR ANDELLE
76,76780,ARGUEIL
76,76780,FRY
76,76780,LA HAYE
76,76780,SIGY-EN-BRAY
76,76780,NOLLEVAL
76,76780,ELBEUF-SUR-ANDELLE
76,76780,SAINT-LUCIEN
76,76780,MESANGUEVILLE
76,76780,LA HALLOTIERE
76,76780,MESNIL-LIEUBRAY (LE)
76,76780,HODENG-HODENGER
76,76780,LA CHAPELLE SAINT OUEN
76,76780,LE HERON
76,76780,CROISY-SUR-ANDELLE
76,76790,ETRETAT
76,76790,TILLEUL (LE)
76,76790,LOGES (LES)
76,76790,GERVILLE
76,76790,BORDEAUX-SAINT-CLAIR
76,76790,BENOUVILLE
76,76800,SAINT-ETIENNE-DU-ROUVRAY
76,76810,GREUVILLE
76,76810,LUNERAY
76,76810,GRUCHET-SAINT-SIMEON
76,76840,QUEVILLON
76,76840,HENOUVILLE
76,76840,ST MARTIN DE BOSCHERVILLE
76,76850,FRESNAY-LE-LONG
76,76850,BOSC-LE-HARD
76,76850,ETAIMPUIS
76,76850,MONTREUIL-EN-CAUX
76,76850,LA CRIQUE
76,76850,GRIGNEUSEVILLE
76,76850,VAL-DE-SCIE
76,76850,BEAUMONT-LE-HARENG
76,76850,BRACQUETUIT
76,76850,COTTEVRARD
76,76860,OUVILLE-LA-RIVIERE
76,76860,QUIBERVILLE
76,76860,LONGUEIL
76,76860,SAINT-DENIS-D ACLON
76,76870,GAILLEFONTAINE
76,76870,BEAUSSAULT
76,76880,ARQUES-LA-BATAILLE
76,76880,MARTIGNY
76,76890,VASSONVILLE
76,76890,IMBLEVILLE
76,76890,VAL-DE-SAANE
76,76890,BEAUTOT
76,76890,SAINT-VICTOR-L ABBAYE
76,76890,SAINT-DENIS-SUR-SCIE
76,76890,TOTES
76,76890,SAINT-VAAST-DU-VAL
76,76890,ST MACLOU DE FOLLEVILLE
76,76890,BUTOT
76,76890,SAINT-OUEN-DU-BREUIL
76,76890,BIVILLE-LA-BAIGNARDE
76,76890,VARNEVILLE-BRETTEVILLE
76,76890,GUEUTTEVILLE
76,76890,BELLEVILLE-EN-CAUX
76,76890,SAINT PIERRE BENOUVILLE
76,76890,BEAUVAL-EN-CAUX
76,76890,CALLEVILLE-LES-DEUX-EGLISES
76,76890,BERTRIMONT
76,76910,CRIEL-SUR-MER
76,76910,PETIT-CAUX
76,76910,TOUFFREVILLE-SUR-EU
76,76920,AMFREVILLE-LA-MIVOIE
76,76930,OCTEVILLE-SUR-MER
76,76930,CAUVILLE
76,76940,HEURTEAUVILLE
76,76940,ARELAUNE-EN-SEINE
76,76940,VATTEVILLE-LA-RUE
76,76940,NOTRE-DAME-DE-BLIQUETUIT
76,76950,LES GRANDES VENTES
76,76960,NOTRE-DAME-DE-BONDEVILLE
76,76970,MOTTEVILLE
76,76970,GREMONVILLE
76,76970,ECTOT-LES-BAONS
76,76970,FLAMANVILLE
76,76980,VEULES-LES-ROSES
77,77000,MELUN
77,77000,VAUX-LE-PENIL
77,77000,ROCHETTE(LA)
77,77000,LIVRY-SUR-SEINE
77,77090,COLLEGIEN
77,77100,NANTEUIL-LES-MEAUX
77,77100,MEAUX
77,77100,MAREUIL-LES-MEAUX
77,77111,SOLERS
77,77111,SOIGNOLLES-EN-BRIE
77,77114,GOUAIX
77,77114,HERME
77,77114,NOYEN-SUR-SEINE
77,77114,VILLIERS-SUR-SEINE
77,77115,BLANDY
77,77115,SIVRY-COURTRY
77,77118,BALLOY
77,77118,BAZOCHES LES BRAY
77,77118,GRAVON
77,77120,CHAILLY-EN-BRIE
77,77120,BEAUTHEIL-SAINTS
77,77120,COULOMMIERS
77,77120,AMILLIS
77,77120,MOUROUX
77,77120,GIREMOUTIERS
77,77120,AULNOY
77,77120,MAUPERTHUIS
77,77120,MAROLLES-EN-BRIE
77,77122,MONTHYON
77,77123,NOISY-SUR-ECOLE
77,77123,VAUDOUE (LE)
77,77123,TOUSSON
77,77124,VILLENOY
77,77124,CREGY-LES-MEAUX
77,77124,CHAUCONIN-NEUFMONTIERS
77,77124,PENCHARD
77,77126,COURCELLES-EN-BASSEE
77,77126,CHATENAY-SUR-SEINE
77,77126,EGLIGNY
77,77127,LIEUSAINT
77,77130,MONTEREAU FAULT YONNE
77,77130,VARENNES-SUR-SEINE
77,77130,DORMELLES
77,77130,MAROLLES-SUR-SEINE
77,77130,VILLE-SAINT-JACQUES
77,77130,CANNES-ECLUSE
77,77130,MISY-SUR-YONNE
77,77130,SAINT-GERMAIN-LAVAL
77,77130,GRANDE-PAROISSE (LA)
77,77130,BARBEY
77,77130,FORGES
77,77130,TOMBE (LA)
77,77131,TOUQUIN
77,77131,PEZARCHES
77,77133,MACHAULT
77,77133,FERICY
77,77134,ORMES-SUR-VOULZIE (LES)
77,77135,PONTCARRE
77,77138,LUZANCY
77,77139,MARCILLY
77,77139,VINCY-MANOEUVRE
77,77139,PUISIEUX
77,77139,DOUY-LA-RAMEE
77,77139,ETREPILLY
77,77140,NEMOURS
77,77140,DARVAULT
77,77140,SAINT-PIERRE-LES-NEMOURS
77,77140,NONVILLE
77,77140,MONCOURT FROMONVILLE
77,77141,VAUDOY-EN-BRIE
77,77144,MONTEVRAIN
77,77144,CHALIFERT
77,77145,MAY-EN-MULTIEN
77,77148,SALINS
77,77148,LAVAL-EN-BRIE
77,77150,LESIGNY
77,77150,FEROLLES-ATTILLY
77,77151,MONTCEAUX-LES-PROVINS
77,77154,VILLENEUVE-LES-BORDES
77,77154,COUTENCON
77,77157,EVERLY
77,77160,PROVINS
77,77160,CHENOISE-CUCHARMOY
77,77160,SAINT-BRICE
77,77160,ROUILLY
77,77160,SAINT-HILLIERS
77,77160,CHAPELLE-SAINT-SULPICE (LA)
77,77160,CHALAUTRE-LA-PETITE
77,77160,MORTERY
77,77160,POIGNY
77,77160,VULAINES-LES-PROVINS
77,77163,TIGEAUX
77,77163,MORTCERF
77,77163,DAMMARTIN-SUR-TIGEAUX
77,77164,FERRIERES-EN-BRIE
77,77165,LE PLESSIS-L EVEQUE
77,77165,CUISY
77,77165,IVERNY
77,77165,SAINT-SOUPPLETS
77,77165,FORFRY
77,77165,LE PLESSIS-AUX-BOIS
77,77165,GESVRES-LE-CHAPITRE
77,77166,EVRY-GREGY-SUR-YERRE
77,77166,GRISY-SUISNES
77,77167,BAGNEAUX-SUR-LOING
77,77167,POLIGNY
77,77167,FAY-LES-NEMOURS
77,77169,BOISSY-LE-CHATEL
77,77169,CHAUFFRY
77,77169,SAINT-GERMAIN-SOUS-DOUE
77,77169,SAINT-SIMEON
77,77170,SERVON
77,77170,BRIE COMTE ROBERT
77,77170,COUBERT
77,77171,CHALAUTRE-LA-GRANDE
77,77171,MELZ-SUR-SEINE
77,77171,SOURDUN
77,77171,LECHELLE
77,77173,CHEVRY-COSSIGNY
77,77174,VILLENEUVE-LE-COMTE
77,77174,VILLENEUVE-SAINT-DENIS
77,77176,SAVIGNY-LE-TEMPLE
77,77176,NANDY
77,77177,BROU-SUR-CHANTEREINE
77,77178,SAINT-PATHUS
77,77178,OISSERY
77,77181,LE PIN
77,77181,COURTRY
77,77183,CROISSY-BEAUBOURG
77,77184,EMERAINVILLE
77,77185,LOGNES
77,77186,NOISIEL
77,77190,DAMMARIE LES LYS
77,77190,VILLIERS-EN-BIERE
77,77200,TORCY
77,77210,AVON
77,77210,SAMOREAU
77,77220,LIVERDY-EN-BRIE
77,77220,GRETZ-ARMAINVILLIERS
77,77220,TOURNAN-EN-BRIE
77,77220,PRESLES-EN-BRIE
77,77220,FAVIERES
77,77230,DAMMARTIN-EN-GOELE
77,77230,SAINT-MARD
77,77230,LONGPERRIER
77,77230,VILLENEUVE SOUS DAMMARTIN
77,77230,NANTOUILLET
77,77230,VINANTES
77,77230,JUILLY
77,77230,MONTGE-EN-GOELE
77,77230,ROUVRES
77,77230,MOUSSY-LE-NEUF
77,77230,MOUSSY-LE-VIEUX
77,77230,MARCHEMORET
77,77230,THIEUX
77,77240,VERT-SAINT-DENIS
77,77240,CESSON
77,77240,SEINE-PORT
77,77250,MORET-LOING-ET-ORVANNE
77,77250,VILLECERF
77,77250,VILLEMER
77,77260,USSY-SUR-MARNE
77,77260,LA FERTE SOUS JOUARRE
77,77260,SAINTE-AULDE
77,77260,CHAMIGNY
77,77260,REUIL-EN-BRIE
77,77260,SAMMERON
77,77260,SEPT-SORTS
77,77270,VILLEPARISIS
77,77280,OTHIS
77,77290,MITRY MORY
77,77290,COMPANS
77,77300,FONTAINEBLEAU
77,77310,SAINT-FARGEAU-PONTHIERRY
77,77310,PRINGY
77,77310,BOISSISE-LE-ROI
77,77320,SAINT-MARTIN-DES-CHAMPS
77,77320,LA CHAPELLE-MOUTILS
77,77320,SANCY LES PROVINS
77,77320,MEILLERAY
77,77320,ST REMY DE LA VANNE
77,77320,FERTE-GAUCHER (LA)
77,77320,CHEVRU
77,77320,JOUY-SUR-MORIN
77,77320,SAINT-BARTHELEMY
77,77320,BETON-BAZOCHES
77,77320,CHOISY-EN-BRIE
77,77320,SAINT-MARTIN-DU-BOSCHET
77,77320,CHARTRONGES
77,77320,CERNEUX
77,77320,LESCHEROLLES
77,77320,SAINT-MARS-VIEUX-MAISONS
77,77320,DAGNY
77,77320,MONTENILS
77,77320,MONTOLIVET
77,77320,FRETOY
77,77320,LEUDON-EN-BRIE
77,77320,MONTDAUPHIN
77,77330,OZOIR LA FERRIERE
77,77340,PONTAULT COMBAULT
77,77350,LE MEE SUR SEINE
77,77350,BOISSETTES
77,77350,BOISSISE-LA-BERTRAND
77,77360,VAIRES SUR MARNE
77,77370,FONTENAILLES
77,77370,CLOS-FONTAINE
77,77370,GASTINS
77,77370,NANGIS
77,77370,VANVILLE
77,77370,RAMPILLON
77,77370,CROIX-EN-BRIE (LA)
77,77370,MAISON-ROUGE
77,77370,CHAPELLE-RABLAIS (LA)
77,77370,SAINT-JUST-EN-BRIE
77,77370,CHATEAUBLEAU
77,77370,VIEUX-CHAMPAGNE
77,77370,FONTAINS
77,77380,COMBS LA VILLE
77,77390,VERNEUIL-L ETANG
77,77390,CRISENOY
77,77390,YEBLES
77,77390,CHAUMES-EN-BRIE
77,77390,OZOUER-LE-VOULGIS
77,77390,GUIGNES
77,77390,COURTOMER
77,77390,CHAMPDEUIL
77,77390,ARGENTIERES
77,77390,FOUJU
77,77390,ANDREZEL
77,77390,COURQUETAINE
77,77390,BEAUVOIR
77,77400,LAGNY-SUR-MARNE
77,77400,DAMPMART
77,77400,THORIGNY SUR MARNE
77,77400,SAINT THIBAULT DES VIGNES
77,77400,POMPONNE
77,77400,GOUVERNES
77,77400,CARNETIN
77,77410,CLAYE-SOUILLY
77,77410,VILLEROY
77,77410,ANNET-SUR-MARNE
77,77410,MESSY
77,77410,CHARMENTRAY
77,77410,VILLEVAUDE
77,77410,FRESNES-SUR-MARNE
77,77410,CHARNY
77,77410,PRECY-SUR-MARNE
77,77410,SAINT-MESMES
77,77410,GRESSY
77,77420,CHAMPS-SUR-MARNE
77,77430,CHAMPAGNE SUR SEINE
77,77440,LIZY-SUR-OURCQ
77,77440,DHUISY
77,77440,JAIGNES
77,77440,VENDREST
77,77440,MARY-SUR-MARNE
77,77440,CONGIS-SUR-THEROUANNE
77,77440,COCHEREL
77,77440,ISLES-LES-MELDEUSES
77,77440,ARMENTIERES-EN-BRIE
77,77440,TANCROU
77,77440,OCQUERRE
77,77440,TROCY-EN-MULTIEN
77,77440,LE PLESSIS-PLACY
77,77450,ISLES-LES-VILLENOY
77,77450,MONTRY
77,77450,LESCHES
77,77450,ESBLY
77,77450,CONDE-SAINTE-LIBIAIRE
77,77450,JABLINES
77,77450,TRILBARDOU
77,77450,VIGNELY
77,77460,CHAINTREAUX
77,77460,SOUPPES-SUR-LOING
77,77470,BOUTIGNY
77,77470,TRILPORT
77,77470,MONTCEAUX-LES-MEAUX
77,77470,SAINT-FIACRE
77,77470,FUBLAINES
77,77470,POINCY
77,77470,VILLEMAREUIL
77,77480,MOUSSEAUX-LES-BRAY
77,77480,SAINT-SAUVEUR-LES-BRAY
77,77480,BABY
77,77480,FONTAINE-FOURCHES
77,77480,JAULNES
77,77480,BRAY-SUR-SEINE
77,77480,MOUY-SUR-SEINE
77,77480,VILLENAUXE-LA-PETITE
77,77480,VILLUIS
77,77480,MONTIGNY-LE-GUESDIER
77,77480,GRISY-SUR-SEINE
77,77500,CHELLES
77,77510,VERDELOT
77,77510,VILLENEUVE-SUR-BELLOT
77,77510,DOUE
77,77510,SAINT-DENIS-LES-REBAIS
77,77510,REBAIS
77,77510,BELLOT
77,77510,SABLONNIERES
77,77510,TRETOIRE (LA)
77,77510,HONDEVILLIERS
77,77510,SAINT-LEGER
77,77515,FAREMOUTIERS
77,77515,CELLE-SUR-MORIN (LA)
77,77515,POMMEUSE
77,77515,SAINT-AUGUSTIN
77,77520,MONTIGNY-LENCOUP
77,77520,DONNEMARIE-DONTILLY
77,77520,MONS-EN-MONTOIS
77,77520,SOGNOLLES-EN-MONTOIS
77,77520,MEIGNEUX
77,77520,CESSOY-EN-MONTOIS
77,77520,THENISY
77,77520,VIMPELLES
77,77520,LUISETAINES
77,77520,GURCY-LE-CHATEL
77,77520,PAROY
77,77520,SIGY
77,77540,VOINSLES
77,77540,COURPALAY
77,77540,ROZAY-EN-BRIE
77,77540,LUMIGNY NESLES ORMEAUX
77,77540,BERNAY VILBERT
77,77540,PLESSIS-FEU-AUSSOUS (LE)
77,77540,CHAPELLE-IGER (LA)
77,77550,MOISSY-CRAMAYEL
77,77550,REAU
77,77550,LISSY
77,77550,LIMOGES-FOURCHES
77,77560,BEAUCHERY-SAINT-MARTIN
77,77560,MARETS (LES)
77,77560,VILLIERS-SAINT-GEORGES
77,77560,CHAMPCENEST
77,77560,VOULTON
77,77560,COURTACON
77,77560,LOUAN-VILLEGRUIS-FONTAINE
77,77560,AUGERS-EN-BRIE
77,77560,COURCHAMP
77,77570,CHATEAU-LANDON
77,77570,MONDREVILLE
77,77570,BOUGLIGNY
77,77570,AUFFERVILLE
77,77570,CHENOU
77,77570,MADELEINE-SUR-LOING (LA)
77,77570,MAISONCELLES-EN-GATINAIS
77,77580,VILLIERS-SUR-MORIN
77,77580,VOULANGIS
77,77580,PIERRE-LEVEE
77,77580,GUERARD
77,77580,CRECY LA CHAPELLE
77,77580,COULOMMES
77,77580,BOULEURS
77,77580,MAISONCELLES-EN-BRIE
77,77580,COUTEVROULT
77,77580,LA HAUTE-MAISON
77,77580,SANCY-LES-MEAUX
77,77580,VAUCOURTOIS
77,77590,BOIS LE ROI
77,77590,FONTAINE-LE-PORT
77,77590,CHARTRETTES
77,77600,BUSSY-SAINT-GEORGES
77,77600,CHANTELOUP EN BRIE
77,77600,CONCHES SUR GONDOIRE
77,77600,BUSSY-SAINT-MARTIN
77,77600,GUERMANTES
77,77600,JOSSIGNY
77,77610,CHATRES
77,77610,CREVECOEUR-EN-BRIE
77,77610,FONTENAY-TRESIGNY
77,77610,NEUFMOUTIERS-EN-BRIE
77,77610,MARLES-EN-BRIE
77,77610,HOUSSAYE-EN-BRIE (LA)
77,77610,CHAPELLES-BOURBON (LES)
77,77620,EGREVILLE
77,77620,BRANSLES
77,77630,ARBONNE-LA-FORET
77,77630,BARBIZON
77,77630,SAINT-MARTIN-EN-BIERE
77,77640,JOUARRE
77,77640,SIGNY-SIGNETS
77,77650,LONGUEVILLE
77,77650,JUTIGNY
77,77650,CHALMAISON
77,77650,SAINTE-COLOMBE
77,77650,LIZINES
77,77650,SAVINS
77,77650,SAINT-LOUP-DE-NAUD
77,77650,SOISY-BOUY
77,77660,CHANGIS-SUR-MARNE
77,77660,SAINT JEAN LES DEUX JUMEAUX
77,77670,SAINT-MAMMES
77,77670,VERNOU-LA-CELLE-SUR-SEINE
77,77680,ROISSY-EN-BRIE
77,77690,MONTIGNY-SUR-LOING
77,77690,GENEVRAYE (LA)
77,77700,SERRIS
77,77700,BAILLY-ROMAINVILLIERS
77,77700,CHESSY
77,77700,MAGNY-LE-HONGRE
77,77700,COUPVRAY
77,77710,VILLEBEON
77,77710,LORREZ-LE-BOCAGE-PREAUX
77,77710,CHEVRY-EN-SEREINE
77,77710,NANTEAU-SUR-LUNAIN
77,77710,VILLEMARECHAL
77,77710,TREUZY-LEVELAY
77,77710,REMAUVILLE
77,77710,PALEY
77,77710,VAUX-SUR-LUNAIN
77,77720,BOMBON
77,77720,MORMANT
77,77720,CHAMPEAUX
77,77720,BREAU
77,77720,SAINT-OUEN-EN-BRIE
77,77720,CHAPELLE-GAUTHIER (LA)
77,77720,AUBEPIERRE-OZOUER-LE-REPOS
77,77720,GRANDPUITS-BAILLY-CARROIS
77,77720,QUIERS
77,77720,SAINT-MERY
77,77730,CITRY
77,77730,SAACY-SUR-MARNE
77,77730,MERY-SUR-MARNE
77,77730,NANTEUIL-SUR-MARNE
77,77750,SAINT-CYR-SUR-MORIN
77,77750,BASSEVELLE
77,77750,ORLY-SUR-MORIN
77,77750,SAINT-OUEN-SUR-MORIN
77,77750,BUSSIERES
77,77750,BOITRON
77,77760,CHAPELLE-LA-REINE (LA)
77,77760,ACHERES-LA-FORET
77,77760,RECLOSES
77,77760,LARCHANT
77,77760,RUMONT
77,77760,BOULANCOURT
77,77760,FROMONT
77,77760,NANTEAU-SUR-ESSONNE
77,77760,BUTHIERS
77,77760,VILLIERS-SOUS-GREZ
77,77760,AMPONVILLE
77,77760,CHEVRAINVILLIERS
77,77760,URY
77,77760,GUERCHEVILLE
77,77760,BURCY
77,77760,BOISSY-AUX-CAILLES
77,77780,BOURRON-MARLOTTE
77,77810,THOMERY
77,77820,CHATELET-EN-BRIE (LE)
77,77820,CHATILLON-LA-BORDE
77,77820,ECRENNES (LES)
77,77830,ECHOUBOULAINS
77,77830,VALENCE-EN-BRIE
77,77830,PAMFOU
77,77840,CROUY-SUR-OURCQ
77,77840,GERMIGNY-SOUS-COULOMBS
77,77840,COULOMBS-EN-VALOIS
77,77850,HERICY
77,77860,QUINCY-VOISINS
77,77860,SAINT-GERMAIN-SUR-MORIN
77,77860,COUILLY-PONT-AUX-DAMES
77,77870,VULAINES-SUR-SEINE
77,77880,GREZ-SUR-LOING
77,77890,BEAUMONT-DU-GATINAIS
77,77890,ARVILLE
77,77890,ICHY
77,77890,OBSONVILLE
77,77890,GARENTREVILLE
77,77890,GIRONVILLE
77,77910,VARREDDES
77,77910,BARCY
77,77910,GERMIGNY-L EVEQUE
77,77910,CHAMBRY
77,77920,SAMOIS SUR SEINE
77,77930,PERTHES
77,77930,SAINT-SAUVEUR-SUR-ECOLE
77,77930,CELY EN BIERE
77,77930,FLEURY-EN-BIERE
77,77930,CHAILLY-EN-BIERE
77,77930,SAINT-GERMAIN-SUR-ECOLE
77,77940,ESMANS
77,77940,VOULX
77,77940,DIANT
77,77940,BROSSE-MONTCEAUX (LA)
77,77940,BLENNES
77,77940,NOISY-RUDIGNON
77,77940,THOURY FEROTTES
77,77940,MONTMACHOUX
77,77940,FLAGY
77,77950,RUBELLES
77,77950,MOISENAY
77,77950,MAINCY
77,77950,VOISENON
77,77950,MONTEREAU-SUR-LE-JARD
77,77950,SAINT-GERMAIN-LAXIS
77,77970,PECY
77,77970,BANNOST-VILLEGAGNON
77,77970,JOUY-LE-CHATEL
77,77970,BEZALLES
77,77970,BOISDON
77,77990,LE MESNIL-AMELOT
77,77990,MAUREGARD
78,78000,VERSAILLES
78,78100,SAINT-GERMAIN-EN-LAYE
78,78110,VESINET (LE)
78,78110,CHATOU
78,78111,DAMMARTIN EN SERVE
78,78112,SAINT-GERMAIN-EN-LAYE
78,78113,HAUTEVILLE (LA)
78,78113,CONDE-SUR-VESGRE
78,78113,ADAINVILLE
78,78113,TARTRE-GAUDRAN (LE)
78,78113,BOURDONNE
78,78113,GRANDCHAMP
78,78114,MAGNY-LES-HAMEAUX
78,78117,TOUSSUS-LE-NOBLE
78,78117,CHATEAUFORT
78,78120,RAMBOUILLET
78,78120,SONCHAMP
78,78120,CLAIREFONTAINE-EN-YVELINES
78,78121,CRESPIERES
78,78124,MONTAINVILLE
78,78124,MAREIL-SUR-MAULDRE
78,78125,POIGNY-LA-FORET
78,78125,ORCEMONT
78,78125,GAZERAN
78,78125,VIEILLE-EGLISE-EN-YVELINES
78,78125,ORPHIN
78,78125,SAINT-HILARION
78,78125,EMANCE
78,78125,MITTAINVILLE
78,78125,HERMERAY
78,78125,BOISSIERE-ECOLE (LA)
78,78125,RAIZEUX
78,78126,AULNAY-SUR-MAULDRE
78,78129,VELIZY VILLACOUBLAY
78,78130,MUREAUX (LES)
78,78130,CHAPET
78,78140,VELIZY VILLACOUBLAY
78,78150,LE CHESNAY-ROCQUENCOURT
78,78160,MARLY-LE-ROI
78,78170,CELLE-SAINT-CLOUD (LA)
78,78180,MONTIGNY LE BRETONNEUX
78,78190,TRAPPES
78,78200,MANTES-LA-JOLIE
78,78200,BUCHELAY
78,78200,JOUY-MAUVOISIN
78,78200,BOINVILLIERS
78,78200,BOISSY-MAUVOISIN
78,78200,SOINDRES
78,78200,MAGNANVILLE
78,78200,FAVRIEUX
78,78200,FLACOURT
78,78200,FONTENAY-MAUVOISIN
78,78200,PERDREAUVILLE
78,78210,SAINT-CYR-L ECOLE
78,78220,VIROFLAY
78,78230,PECQ (LE)
78,78240,CHAMBOURCY
78,78240,AIGREMONT
78,78250,MEULAN-EN-YVELINES
78,78250,MEZY-SUR-SEINE
78,78250,TESSANCOURT-SUR-AUBETTE
78,78250,GAILLON SUR MONTCIENT
78,78250,HARDRICOURT
78,78250,OINVILLE-SUR-MONTCIENT
78,78260,ACHERES
78,78260,ANDRESY
78,78270,MERICOURT
78,78270,LOMMOYE
78,78270,VILLENEUVE-EN-CHEVRIE (LA)
78,78270,BENNECOURT
78,78270,CHAUFOUR LES BONNIERES
78,78270,BONNIERES-SUR-SEINE
78,78270,GOMMECOURT
78,78270,BLARU
78,78270,LIMETZ-VILLEZ
78,78270,ROLLEBOISE
78,78270,MOUSSEAUX-SUR-SEINE
78,78270,NOTRE-DAME-DE-LA-MER
78,78270,CRAVENT
78,78280,GUYANCOURT
78,78290,CROISSY SUR SEINE
78,78300,POISSY
78,78310,MAUREPAS
78,78310,COIGNIERES
78,78320,VERRIERE (LA)
78,78320,LEVIS-SAINT-NOM
78,78320,MESNIL-SAINT-DENIS (LE)
78,78330,FONTENAY LE FLEURY
78,78340,CLAYES-SOUS-BOIS (LES)
78,78350,JOUY EN JOSAS
78,78350,LOGES-EN-JOSAS (LES)
78,78360,MONTESSON
78,78370,PLAISIR
78,78380,BOUGIVAL
78,78390,BOIS D ARCY
78,78400,CHATOU
78,78410,AUBERGENVILLE
78,78410,BOUAFLE
78,78410,FALAISE (LA)
78,78410,FLINS-SUR-SEINE
78,78410,NEZEL
78,78420,CARRIERES SUR SEINE
78,78430,LOUVECIENNES
78,78440,GARGENVILLE
78,78440,ISSOU
78,78440,MONTALET-LE-BOIS
78,78440,BRUEIL-EN-VEXIN
78,78440,SAILLY
78,78440,JAMBVILLE
78,78440,PORCHEVILLE
78,78440,LAINVILLE-EN-VEXIN
78,78440,DROCOURT
78,78440,FONTENAY-SAINT-PERE
78,78440,GUITRANCOURT
78,78450,VILLEPREUX
78,78450,CHAVENAY
78,78460,CHOISEL
78,78460,CHEVREUSE
78,78470,SAINT-REMY-LES-CHEVREUSE
78,78470,SAINT-LAMBERT-DES-BOIS
78,78470,MILON-LA-CHAPELLE
78,78480,VERNEUIL SUR SEINE
78,78490,MONTFORT-L AMAURY
78,78490,MERE
78,78490,GROSROUVRE
78,78490,BAZOCHES-SUR-GUYONNE
78,78490,BOISSY-SANS-AVOIR
78,78490,VICQ
78,78490,GALLUIS
78,78490,MESNULS (LES)
78,78490,TREMBLAY-SUR-MAULDRE (LE)
78,78490,MAREIL-LE-GUYON
78,78490,GAMBAISEUIL
78,78500,SARTROUVILLE
78,78510,TRIEL SUR SEINE
78,78520,LIMAY
78,78520,GUERNES
78,78520,FOLLAINVILLE-DENNEMONT
78,78520,SAINT-MARTIN-LA-GARENNE
78,78530,BUC
78,78540,VERNOUILLET
78,78550,HOUDAN
78,78550,MAULETTE
78,78550,RICHEBOURG
78,78550,BAZAINVILLE
78,78550,GRESSEY
78,78550,DANNEMARIE
78,78560,PORT-MARLY (LE)
78,78570,CHANTELOUP-LES-VIGNES
78,78570,ANDRESY
78,78570,CARRIERES SOUS POISSY
78,78580,MAULE
78,78580,BAZEMONT
78,78580,JUMEAUVILLE
78,78580,ALLUETS-LE-ROI (LES)
78,78580,HERBEVILLE
78,78590,NOISY LE ROI
78,78590,RENNEMOULIN
78,78590,VILLEPREUX
78,78600,MESNIL-LE-ROI (LE)
78,78600,MAISONS-LAFFITTE
78,78610,BREVIAIRES (LES)
78,78610,PERRAY-EN-YVELINES (LE)
78,78610,SAINT-LEGER-EN-YVELINES
78,78610,AUFFARGIS
78,78620,ETANG-LA-VILLE (L )
78,78630,ORGEVAL
78,78630,MORAINVILLIERS
78,78640,NEAUPHLE-LE-CHATEAU
78,78640,VILLIERS-SAINT-FREDERIC
78,78640,NEAUPHLE-LE-VIEUX
78,78640,SAINT-GERMAIN-DE-LA-GRANGE
78,78650,BEYNES
78,78650,SAULX-MARCHAIS
78,78660,ALLAINVILLE AUX BOIS
78,78660,ABLIS
78,78660,PRUNAY-EN-YVELINES
78,78660,PARAY-DOUAVILLE
78,78660,SAINT-MARTIN-DE-BRETHENCOURT
78,78660,BOINVILLE-LE-GAILLARD
78,78660,ORSONVILLE
78,78670,VILLENNES-SUR-SEINE
78,78670,MEDAN
78,78680,EPONE
78,78690,ESSARTS-LE-ROI (LES)
78,78690,SAINT-REMY-L HONORE
78,78690,LEVIS-SAINT-NOM
78,78700,CONFLANS SAINTE HONORINE
78,78710,ROSNY-SUR-SEINE
78,78711,MANTES-LA-VILLE
78,78720,SAINT-FORGET
78,78720,CERNAY-LA-VILLE
78,78720,CELLE-LES-BORDES (LA)
78,78720,SENLISSE
78,78720,DAMPIERRE-EN-YVELINES
78,78730,SAINT-ARNOULT-EN-YVELINES
78,78730,LONGVILLIERS
78,78730,SAINTE-MESME
78,78730,PONTHEVRARD
78,78730,ROCHEFORT-EN-YVELINES
78,78740,VAUX-SUR-SEINE
78,78740,EVECQUEMONT
78,78750,MAREIL-MARLY
78,78760,JOUARS-PONTCHARTRAIN
78,78770,THOIRY
78,78770,ANDELU
78,78770,VILLIERS-LE-MAHIEU
78,78770,AUTOUILLET
78,78770,MARCQ
78,78770,AUTEUIL-LE-ROI
78,78770,GOUPILLIERES
78,78780,MAURECOURT
78,78790,ROSAY
78,78790,MONTCHAUVET
78,78790,SEPTEUIL
78,78790,HARGEVILLE
78,78790,COURGENT
78,78790,ARNOUVILLE-LES-MANTES
78,78790,MULCENT
78,78790,TILLY
78,78790,SAINT-MARTIN-DES-CHAMPS
78,78790,FLINS-NEUVE-EGLISE
78,78800,HOUILLES
78,78810,FEUCHEROLLES
78,78810,DAVRON
78,78820,JUZIERS
78,78830,BONNELLES
78,78830,BULLION
78,78840,FRENEUSE
78,78840,MOISSON
78,78850,THIVERVAL-GRIGNON
78,78860,SAINT-NOM-LA-BRETECHE
78,78870,BAILLY
78,78890,GARANCIERES
78,78910,ORGERUS
78,78910,TACOIGNIERES
78,78910,PRUNAY-LE-TEMPLE
78,78910,ORVILLIERS
78,78910,FLEXANVILLE
78,78910,OSMOY
78,78910,CIVRY-LA-FORET
78,78910,BOISSETS
78,78910,BEHOUST
78,78920,ECQUEVILLY
78,78930,VERT
78,78930,GOUSSONVILLE
78,78930,BOINVILLE-EN-MANTOIS
78,78930,GUERVILLE
78,78930,VILLETTE
78,78930,AUFFREVILLE-BRASSEUIL
78,78930,BREUIL-BOIS-ROBERT
78,78940,QUEUE-LES-YVELINES (LA)
78,78940,MILLEMONT
78,78950,GAMBAIS
78,78955,CARRIERES SOUS POISSY
78,78960,VOISINS-LE-BRETONNEUX
78,78970,MEZIERES-SUR-SEINE
78,78980,LONGNES
78,78980,BREVAL
78,78980,SAINT-ILLIERS-LE-BOIS
78,78980,MONDREVILLE
78,78980,TERTRE-SAINT-DENIS (LE)
78,78980,NEAUPHLETTE
78,78980,SAINT-ILLIERS-LA-VILLE
78,78990,ELANCOURT
91,91000,EVRY-COURCOURONNES
91,91070,BONDOUFLE
91,91080,EVRY-COURCOURONNES
91,91090,LISSES
91,91100,CORBEIL ESSONNES
91,91100,VILLABE
91,91120,PALAISEAU
91,91130,RIS-ORANGIS
91,91140,VILLEBON SUR YVETTE
91,91140,VILLEJUST
91,91150,MORIGNY-CHAMPIGNY
91,91150,ETAMPES
91,91150,ORMOY-LA-RIVIERE
91,91150,BOUTERVILLIERS
91,91150,PUISELET-LE-MARAIS
91,91150,MAROLLES-EN-BEAUCE
91,91150,BRIERES-LES-SCELLES
91,91150,CHAMPMOTTEUX
91,91150,MESPUITS
91,91150,ABBEVILLE-LA-RIVIERE
91,91150,FORET-SAINTE-CROIX (LA)
91,91150,BROUY
91,91150,BLANDY
91,91150,ROINVILLIERS
91,91150,BOIS-HERPIN
91,91160,LONGJUMEAU
91,91160,CHAMPLAN
91,91160,SAULX-LES-CHARTREUX
91,91160,BALLAINVILLIERS
91,91170,VIRY CHATILLON
91,91180,SAINT-GERMAIN-LES-ARPAJON
91,91190,SAINT-AUBIN
91,91190,VILLIERS-LE-BACLE
91,91190,GIF SUR YVETTE
91,91200,ATHIS MONS
91,91210,DRAVEIL
91,91220,BRETIGNY SUR ORGE
91,91220,LE PLESSIS PATE
91,91230,MONTGERON
91,91240,SAINT-MICHEL-SUR-ORGE
91,91250,SAINTRY-SUR-SEINE
91,91250,SAINT-GERMAIN-LES-CORBEIL
91,91250,TIGERY
91,91250,MORSANG-SUR-SEINE
91,91260,JUVISY SUR ORGE
91,91270,VIGNEUX SUR SEINE
91,91280,SAINT-PIERRE-DU-PERRAY
91,91290,LA NORVILLE
91,91290,ARPAJON
91,91300,MASSY
91,91310,MONTLHERY
91,91310,LINAS
91,91310,LEUVILLE-SUR-ORGE
91,91310,LONGPONT-SUR-ORGE
91,91320,WISSOUS
91,91330,YERRES
91,91340,OLLAINVILLE
91,91350,GRIGNY
91,91360,EPINAY SUR ORGE
91,91360,VILLEMOISSON-S-ORGE
91,91370,VERRIERES LE BUISSON
91,91380,CHILLY MAZARIN
91,91390,MORSANG-SUR-ORGE
91,91400,ORSAY
91,91400,GOMETZ-LA-VILLE
91,91400,SACLAY
91,91410,DOURDAN
91,91410,SAINT-CYR-SOUS-DOURDAN
91,91410,GRANGES-LE-ROI (LES)
91,91410,AUTHON-LA-PLAINE
91,91410,CORBREUSE
91,91410,FORET-LE-ROI (LA)
91,91410,RICHARVILLE
91,91410,SAINT-ESCOBILLE
91,91410,ROINVILLE-SOUS-DOURDAN
91,91410,CHATIGNONVILLE
91,91410,PLESSIS-SAINT-BENOIST
91,91420,MORANGIS
91,91430,VAUHALLAN
91,91430,IGNY
91,91440,BURES SUR YVETTE
91,91450,ETIOLLES
91,91450,SOISY-SUR-SEINE
91,91460,MARCOUSSIS
91,91470,LIMOURS
91,91470,FORGES-LES-BAINS
91,91470,ANGERVILLIERS
91,91470,MOLIERES (LES)
91,91470,PECQUEUSE
91,91470,BOULLAY-LES-TROUX
91,91480,QUINCY-SOUS-SENART
91,91480,VARENNES-JARCY
91,91490,DANNEMOIS
91,91490,MILLY-LA-FORET
91,91490,ONCY SUR ECOLE
91,91490,MOIGNY SUR ECOLE
91,91490,COURANCES
91,91510,LARDY
91,91510,JANVILLE-SUR-JUINE
91,91520,EGLY
91,91530,SERMAISE
91,91530,VAL-SAINT-GERMAIN (LE)
91,91530,SAINT-CHERON
91,91530,ST MAURICE MONTCOURONNE
91,91540,MENNECY
91,91540,ORMOY
91,91540,ECHARCON
91,91540,FONTENAY-LE-VICOMTE
91,91550,PARAY-VIEILLE-POSTE
91,91560,CROSNE
91,91570,BIEVRES
91,91580,AUVERS-SAINT-GEORGES
91,91580,VILLENEUVE-SUR-AUVERS
91,91580,ETRECHY
91,91580,VILLECONIN
91,91580,CHAUFFOUR-LES-ETRECHY
91,91580,SOUZY-LA-BRICHE
91,91590,CERNY
91,91590,BOISSY-LE-CUTTE
91,91590,D HUISON LONGUEVILLE
91,91590,FERTE-ALAIS (LA)
91,91590,GUIGNEVILLE
91,91590,ORVEAU
91,91590,MONDEVILLE
91,91590,BAULNE
91,91600,SAVIGNY-SUR-ORGE
91,91610,BALLANCOURT-SUR-ESSONNE
91,91620,NOZAY
91,91620,VILLE-DU-BOIS (LA)
91,91630,LEUDEVILLE
91,91630,AVRAINVILLE
91,91630,MAROLLES-EN-HUREPOIX
91,91630,CHEPTAINVILLE
91,91630,GUIBEVILLE
91,91640,BRIIS-SOUS-FORGES
91,91640,JANVRY
91,91640,FONTENAY-LES-BRIIS
91,91640,VAUGRIGNEUSE
91,91650,BREUILLET
91,91650,SAINT-YON
91,91650,BREUX JOUY
91,91660,LE MEREVILLOIS
91,91670,ANGERVILLE
91,91680,BRUYERES-LE-CHATEL
91,91680,COURSON-MONTELOUP
91,91690,SACLAS
91,91690,FONTAINE-LA-RIVIERE
91,91690,SAINT-CYR-LA-RIVIERE
91,91690,BOISSY-LA-RIVIERE
91,91690,GUILLERVAL
91,91690,ARRANCOURT
91,91700,SAINTE-GENEVIEVE-DES-BOIS
91,91700,FLEURY-MEROGIS
91,91700,VILLIERS-SUR-ORGE
91,91710,VERT LE PETIT
91,91720,MAISSE
91,91720,VALPUISEAUX
91,91720,BUNO-BONNEVAUX
91,91720,GIRONVILLE-SUR-ESSONNE
91,91720,BOIGNEVILLE
91,91720,PRUNAY-SUR-ESSONNE
91,91720,COURDIMANCHE-SUR-ESSONNE
91,91730,TORFOU
91,91730,CHAMARANDE
91,91730,MAUCHAMPS
91,91740,PUSSAY
91,91740,CHALOU-MOULINEUX
91,91740,CONGERVILLE-THIONVILLE
91,91750,CHAMPCUEIL
91,91750,CHEVANNES
91,91750,NAINVILLE-LES-ROCHES
91,91760,ITTEVILLE
91,91770,SAINT-VRAIN
91,91780,CHALO-SAINT-MARS
91,91780,MEROBERT
91,91780,SAINT-HILAIRE
91,91790,BOISSY-SOUS-SAINT-YON
91,91800,BOUSSY-SAINT-ANTOINE
91,91800,BRUNOY
91,91810,VERT LE GRAND
91,91820,BOUTIGNY-SUR-ESSONNE
91,91820,VAYRES-SUR-ESSONNE
91,91830,COUDRAY-MONTCEAUX (LE)
91,91830,AUVERNAUX
91,91840,SOISY-SUR-ECOLE
91,91850,BOURAY-SUR-JUINE
91,91860,EPINAY-SOUS-SENART
91,91870,BOISSY-LE-SEC
91,91880,BOUVILLE
91,91890,VIDELLES
91,91910,SAINT-SULPICE-DE-FAVIERES
91,91930,MONNERVILLE
91,91940,LES ULIS
91,91940,GOMETZ-LE-CHATEL
91,91940,SAINT-JEAN-DE-BEAUREGARD
92,92000,NANTERRE
92,92100,BOULOGNE-BILLANCOURT
92,92110,CLICHY
92,92120,MONTROUGE
92,92130,ISSY-LES-MOULINEAUX
92,92140,CLAMART
92,92140,ISSY-LES-MOULINEAUX
92,92150,SURESNES
92,92160,ANTONY
92,92170,VANVES
92,92190,MEUDON
92,92200,NEUILLY-SUR-SEINE
92,92210,SAINT-CLOUD
92,92220,BAGNEUX
92,92230,GENNEVILLIERS
92,92240,MALAKOFF
92,92250,LA GARENNE-COLOMBES
92,92260,FONTENAY-AUX-ROSES
92,92270,BOIS-COLOMBES
92,92290,CHATENAY-MALABRY
92,92300,LEVALLOIS-PERRET
92,92310,SEVRES
92,92320,CHATILLON
92,92330,SCEAUX
92,92340,BOURG-LA-REINE
92,92350,LE PLESSIS-ROBINSON
92,92360,MEUDON
92,92370,CHAVILLE
92,92380,GARCHES
92,92390,VILLENEUVE-LA-GARENNE
92,92400,COURBEVOIE
92,92410,VILLE-D'AVRAY
92,92420,VAUCRESSON
92,92430,MARNES-LA-COQUETTE
92,92500,RUEIL-MALMAISON
92,92600,ASNIERES-SUR-SEINE
92,92700,COLOMBES
92,92800,PUTEAUX
93,93000,BOBIGNY
93,93100,MONTREUIL
93,93110,ROSNY-SOUS-BOIS
93,93120,LA COURNEUVE
93,93130,NOISY-LE-SEC
93,93140,BONDY
93,93150,LE BLANC-MESNIL
93,93160,NOISY-LE-GRAND
93,93170,BAGNOLET
93,93190,LIVRY-GARGAN
93,93200,SAINT-DENIS
93,93210,SAINT-DENIS
93,93220,GAGNY
93,93230,ROMAINVILLE
93,93240,STAINS
93,93250,VILLEMOMBLE
93,93260,LES LILAS
93,93270,SEVRAN
93,93290,TREMBLAY-EN-FRANCE
93,93300,AUBERVILLIERS
93,93310,LE PRE-SAINT-GERVAIS
93,93320,LES PAVILLONS-SOUS-BOIS
93,93330,NEUILLY-SUR-MARNE
93,93340,LE RAINCY
93,93350,LE BOURGET
93,93360,NEUILLY-PLAISANCE
93,93370,MONTFERMEIL
93,93380,PIERREFITTE-SUR-SEINE
93,93390,CLICHY SOUS BOIS
93,93400,SAINT-OUEN-SUR-SEINE
93,93410,VAUJOURS
93,93420,VILLEPINTE
93,93430,VILLETANEUSE
93,93440,DUGNY
93,93450,L'ILE-SAINT-DENIS
93,93460,GOURNAY SUR MARNE
93,93470,COUBRON
93,93500,PANTIN
93,93600,AULNAY SOUS BOIS
93,93700,DRANCY
93,93800,EPINAY SUR SEINE
94,94000,CRETEIL
94,94100,SAINT-MAUR-DES-FOSSES
94,94110,ARCUEIL
94,94120,FONTENAY-SOUS-BOIS
94,94130,NOGENT-SUR-MARNE
94,94140,ALFORTVILLE
94,94150,RUNGIS
94,94160,SAINT-MANDE
94,94170,LE PERREUX-SUR-MARNE
94,94190,VILLENEUVE-SAINT-GEORGES
94,94200,IVRY-SUR-SEINE
94,94210,SAINT-MAUR-DES-FOSSES
94,94220,CHARENTON-LE-PONT
94,94230,CACHAN
94,94240,L'HAY-LES-ROSES
94,94250,GENTILLY
94,94260,FRESNES
94,94270,LE KREMLIN-BICETRE
94,94290,VILLENEUVE-LE-ROI
94,94300,VINCENNES
94,94310,ORLY
94,94320,THIAIS
94,94340,JOINVILLE-LE-PONT
94,94350,VILLIERS-SUR-MARNE
94,94360,BRY-SUR-MARNE
94,94370,SUCY-EN-BRIE
94,94380,BONNEUIL-SUR-MARNE
94,94400,VITRY-SUR-SEINE
94,94410,ST MAURICE
94,94420,LE PLESSIS-TREVISE
94,94430,CHENNEVIERES SUR MARNE
94,94440,VILLECRESNES
94,94440,MAROLLES-EN-BRIE
94,94440,SANTENY
94,94450,LIMEIL-BREVANNES
94,94460,VALENTON
94,94470,BOISSY-SAINT-LEGER
94,94480,ABLON-SUR-SEINE
94,94490,ORMESSON-SUR-MARNE
94,94500,CHAMPIGNY-SUR-MARNE
94,94510,LA QUEUE-EN-BRIE
94,94520,PERIGNY
94,94520,MANDRES-LES-ROSES
94,94550,CHEVILLY-LARUE
94,94600,CHOISY-LE-ROI
94,94700,MAISONS-ALFORT
94,94800,VILLEJUIF
94,94880,NOISEAU
95,95000,CERGY
95,95000,NEUVILLE-SUR-OISE
95,95000,PONTOISE
95,95000,BOISEMONT
95,95100,ARGENTEUIL
95,95110,SANNOIS
95,95120,ERMONT
95,95130,FRANCONVILLE LA GARENNE
95,95130,PLESSIS-BOUCHARD (LE)
95,95140,GARGES-LES-GONESSE
95,95150,TAVERNY
95,95160,MONTMORENCY
95,95170,DEUIL LA BARRE
95,95180,MENUCOURT
95,95190,GOUSSAINVILLE
95,95190,FONTENAY-EN-PARISIS
95,95190,CHATENAY-EN-FRANCE
95,95200,SARCELLES
95,95210,ST GRATIEN
95,95220,HERBLAY-SUR-SEINE
95,95220,PIERRELAYE
95,95230,SOISY SS MONTMORENCY
95,95240,CORMEILLES-EN-PARISIS
95,95250,BEAUCHAMP
95,95260,MOURS
95,95260,BEAUMONT-SUR-OISE
95,95270,SAINT-MARTIN-DU-TERTRE
95,95270,CHAUMONTEL
95,95270,LUZARCHES
95,95270,ASNIERES-SUR-OISE
95,95270,NOISY-SUR-OISE
95,95270,SEUGY
95,95270,BELLOY-EN-FRANCE
95,95270,LE PLESSIS-LUZARCHES
95,95270,VIARMES
95,95270,BELLEFONTAINE
95,95270,LASSY
95,95280,JOUY-LE-MOUTIER
95,95290,L'ISLE-ADAM
95,95300,PONTOISE
95,95300,HEROUVILLE
95,95300,ENNERY
95,95300,LIVILLIERS
95,95310,ST OUEN L AUMONE
95,95320,ST LEU LA FORET
95,95330,DOMONT
95,95340,PERSAN
95,95340,BERNES-SUR-OISE
95,95340,RONQUEROLLES
95,95350,SAINT-BRICE-SOUS-FORET
95,95350,PISCOP
95,95360,MONTMAGNY
95,95370,MONTIGNY LES CORMEILLES
95,95380,LOUVRES
95,95380,VILLERON
95,95380,PUISEUX-EN-FRANCE
95,95380,CHENNEVIERES-LES-LOUVRES
95,95380,EPIAIS-LES-LOUVRES
95,95390,SAINT-PRIX
95,95400,VILLIERS-LE-BEL
95,95400,ARNOUVILLE
95,95410,GROSLAY
95,95420,NUCOURT
95,95420,MAGNY-EN-VEXIN
95,95420,MAUDETOUR-EN-VEXIN
95,95420,CHAPELLE-EN-VEXIN (LA)
95,95420,OMERVILLE
95,95420,GENAINVILLE
95,95420,WY-DIT-JOLI-VILLAGE
95,95420,CLERY-EN-VEXIN
95,95420,SAINT-GERVAIS
95,95420,HODENT
95,95420,ARTHIES
95,95420,BANTHELU
95,95430,AUVERS-SUR-OISE
95,95430,BUTRY-SUR-OISE
95,95440,ECOUEN
95,95450,US
95,95450,SERAINCOURT
95,95450,ABLEIGES
95,95450,COMMENY
95,95450,GUIRY-EN-VEXIN
95,95450,VIGNY
95,95450,LONGUESSE
95,95450,SAGY
95,95450,FREMAINVILLE
95,95450,LE PERCHAY
95,95450,CONDECOURT
95,95450,THEMERICOURT
95,95450,AVERNES
95,95450,GOUZANGREZ
95,95460,EZANVILLE
95,95470,SURVILLIERS
95,95470,SAINT-WITZ
95,95470,FOSSES
95,95470,VEMARS
95,95480,PIERRELAYE
95,95490,VAUREAL
95,95500,GONESSE
95,95500,LE THILLAY
95,95500,BONNEUIL-EN-FRANCE
95,95500,VAUDHERLAND
95,95510,VIENNE-EN-ARTHIES
95,95510,AINCOURT
95,95510,VILLERS-EN-ARTHIES
95,95510,SAINT-CYR-EN-ARTHIES
95,95510,CHERENCE
95,95510,VETHEUIL
95,95510,AMENUCOURT
95,95520,OSNY
95,95520,CERGY
95,95530,LA FRETTE-SUR-SEINE
95,95540,MERY-SUR-OISE
95,95550,BESSANCOURT
95,95560,BAILLET-EN-FRANCE
95,95560,MONTSOULT
95,95560,CHAUVRY
95,95560,MAFFLIERS
95,95570,MOISSELLES
95,95570,BOUFFEMONT
95,95570,ATTAINVILLE
95,95570,VILLAINES-SOUS-BOIS
95,95580,ANDILLY
95,95580,MARGENCY
95,95590,PRESLES
95,95590,NERVILLE-LA-FORET
95,95590,NOINTEL
95,95600,EAUBONNE
95,95610,ERAGNY-SUR-OISE
95,95620,PARMAIN
95,95630,MERIEL
95,95640,HARAVILLIERS
95,95640,SANTEUIL
95,95640,BRIGNANCOURT
95,95640,MARINES
95,95640,BREANCON
95,95640,MOUSSY
95,95640,LE HEAULME
95,95640,NEUILLY-EN-VEXIN
95,95650,BOISSY-L'AILLERIE
95,95650,COURCELLES-SUR-VIOSNE
95,95650,GENICOURT
95,95650,PUISEUX-PONTOISE
95,95650,MONTGEROULT
95,95660,CHAMPAGNE SUR-OISE
95,95670,MARLY-LA-VILLE
95,95680,MONTLIGNON
95,95690,HEDOUVILLE
95,95690,LABBEVILLE
95,95690,FROUVILLE
95,95690,NESLES-LA-VALLEE
95,95700,ROISSY-EN-FRANCE
95,95710,AMBLEVILLE
95,95710,CHAUSSY
95,95710,BRAY-ET-LU
95,95720,LE MESNIL-AUBRY
95,95720,BOUQUEVAL
95,95720,VILLIERS-LE-SEC
95,95740,FREPILLON
95,95750,CHARS
95,95750,LE BELLAY-EN-VEXIN
95,95760,VALMONDOIS
95,95770,BUHY
95,95770,MONTREUIL-SUR-EPTE
95,95770,SAINT-CLAIR-SUR-EPTE
95,95780,LA ROCHE-GUYON
95,95780,HAUTE-ISLE
95,95800,CERGY
95,95800,COURDIMANCHE
95,95810,ARRONVILLE
95,95810,THEUVILLE
95,95810,BERVILLE
95,95810,EPIAIS-RHUS
95,95810,GRISY-LES-PLATRES
95,95810,VALLANGOUJARD
95,95810,MENOUVILLE
95,95820,BRUYERES-SUR-OISE
95,95830,CORMEILLES-EN-VEXIN
95,95830,FREMECOURT
95,95840,VILLIERS-ADAM
95,95840,BETHEMONT-LA-FORET
95,95850,MAREIL-EN-FRANCE
95,95850,JAGNY-SOUS-BOIS
95,95870,BEZONS
95,95880,ENGHIEN LES BAINS
